time,,position_x,position_y,,position_x_avg,position_y_avg
1.62766E+18,"1,627,660,346",-10.9248227,10.82330708,,,
1.62766E+18,"1,627,660,346",-11.56721378,11.68590399,,,
1.62766E+18,"1,627,660,346",-10.58891993,11.85801988,,,
1.62766E+18,"1,627,660,347",-10.54969021,8.442865664,,,
1.62766E+18,"1,627,660,347",-9.820673631,10.44221202,,-10.69026405,10.65046173
1.62766E+18,"1,627,660,347",-11.02828094,10.33875036,,-10.7109557,10.55355038
1.62766E+18,"1,627,660,347",-11.21019775,10.63041253,,-10.63955249,10.34245209
1.62766E+18,"1,627,660,347",-11.40173464,11.673631,,-10.80211543,10.30557431
1.62766E+18,"1,627,660,347",-10.77286565,11.48670677,,-10.84675052,10.91434254
1.62766E+18,"1,627,660,347",-9.909632029,11.52117513,,-10.8645422,11.13013516
1.62766E+18,"1,627,660,347",-10.37240196,11.4415424,,-10.7333664,11.35069357
1.62766E+18,"1,627,660,347",-10.16287666,9.913907611,,-10.52390219,11.20739258
1.62766E+18,"1,627,660,347",-11.86191667,10.63125224,,-10.61593859,10.99891683
1.62766E+18,"1,627,660,348",-10.17896167,12.00383511,,-10.4971578,11.1023425
1.62766E+18,"1,627,660,348",-9.929545139,11.45180197,,-10.50114042,11.08846787
1.62766E+18,"1,627,660,348",-11.20467917,11.22356395,,-10.66759586,11.04487218
1.62766E+18,"1,627,660,348",-10.52413488,10.7898259,,-10.7398475,11.22005583
1.62766E+18,"1,627,660,348",-11.53291409,11.50444797,,-10.67404699,11.39469498
1.62766E+18,"1,627,660,348",-10.74135215,11.20722953,,-10.78652508,11.23537386
1.62766E+18,"1,627,660,348",-10.04426622,10.06236405,,-10.8094693,10.95748628
1.62766E+18,"1,627,660,348",-10.34242278,11.25769197,,-10.63701802,10.96431189
1.62766E+18,"1,627,660,348",-9.315031532,11.05076527,,-10.39519735,11.01649976
1.62766E+18,"1,627,660,348",-9.148038533,11.80047562,,-9.918222243,11.07570529
1.62766E+18,"1,627,660,349",-10.44027047,10.56715952,,-9.858005907,10.94769129
1.62766E+18,"1,627,660,349",-10.07881433,10.92158965,,-9.864915529,11.11953641
1.62766E+18,"1,627,660,349",-9.673465531,9.999907537,,-9.731124079,10.86797952
1.62766E+18,"1,627,660,349",-10.54457864,10.98493376,,-9.977033501,10.85481322
1.62766E+18,"1,627,660,349",-10.66191363,10.09826612,,-10.27980852,10.51437132
1.62766E+18,"1,627,660,349",-9.152785121,10.61749274,,-10.02231145,10.52443796
1.62766E+18,"1,627,660,349",-10.31336304,11.10633977,,-10.06922119,10.56138799
1.62766E+18,"1,627,660,349",-9.813825354,10.37605199,,-10.09729316,10.63661688
1.62766E+18,"1,627,660,349",-9.424415225,11.18312091,,-9.873260474,10.67625431
1.62766E+18,"1,627,660,349",-9.725321734,12.57138152,,-9.685942094,11.17087738
1.62766E+18,"1,627,660,350",-9.703761726,12.06740556,,-9.796137415,11.46085995
1.62766E+18,"1,627,660,350",-8.304880613,11.32696264,,-9.39444093,11.50498452
1.62766E+18,"1,627,660,350",-8.882935771,9.417852097,,-9.208263014,11.31334455
1.62766E+18,"1,627,660,350",-9.649306158,10.89864404,,-9.2532412,11.25644917
1.62766E+18,"1,627,660,350",-8.314562381,11.35658165,,-8.97108933,11.0134892
1.62766E+18,"1,627,660,350",-9.938606576,10.76898868,,-9.0180583,10.75380582
1.62766E+18,"1,627,660,350",-8.196036472,10.86027701,,-8.996289472,10.6604687
1.62766E+18,"1,627,660,350",-8.715695035,10.78939774,,-8.962841324,10.93477782
1.62766E+18,"1,627,660,350",-8.094499478,8.798310185,,-8.651879988,10.51471105
1.62766E+18,"1,627,660,350",-8.219054367,11.09163177,,-8.632778386,10.46172108
1.62766E+18,"1,627,660,351",-7.514234737,10.15103688,,-8.147904018,10.33813072
1.62766E+18,"1,627,660,351",-6.769297685,11.45798817,,-7.86255626,10.45767295
1.62766E+18,"1,627,660,351",-7.693208348,9.926877971,,-7.658058923,10.285169
1.62766E+18,"1,627,660,351",-7.498689618,10.35984088,,-7.538896951,10.59747513
1.62766E+18,"1,627,660,351",-6.743400546,10.86893241,,-7.243766187,10.55293526
1.62766E+18,"1,627,660,351",-7.220647029,9.56621993,,-7.185048645,10.43597187
1.62766E+18,"1,627,660,351",-7.912437848,11.19810733,,-7.413676678,10.3839957
1.62766E+18,"1,627,660,351",-5.594451486,11.32933802,,-6.993925305,10.66448771
1.62766E+18,"1,627,660,351",-6.533866537,11.06945959,,-6.800960689,10.80641146
1.62766E+18,"1,627,660,351",-6.309333225,11.02022982,,-6.714147225,10.83667094
1.62766E+18,"1,627,660,352",-6.431949724,10.0843675,,-6.556407764,10.94030045
1.62766E+18,"1,627,660,352",-6.218125043,10.61836025,,-6.217545203,10.82435103
1.62766E+18,"1,627,660,352",-6.367059205,10.98106157,,-6.372066747,10.75469575
1.62766E+18,"1,627,660,352",-5.908767879,10.68658034,,-6.247047015,10.6781199
1.62766E+18,"1,627,660,352",-5.096111434,10.17406591,,-6.004402657,10.50888711
1.62766E+18,"1,627,660,352",-5.869079886,10.30196261,,-5.891828689,10.55240614
1.62766E+18,"1,627,660,352",-6.817461782,9.164053613,,-6.011696037,10.26154481
1.62766E+18,"1,627,660,352",-6.145489242,10.32056132,,-5.967382045,10.12944476
1.62766E+18,"1,627,660,352",-5.384129075,10.19240912,,-5.862454284,10.03061051
1.62766E+18,"1,627,660,352",-5.507310741,10.7669371,,-5.944694145,10.14918475
1.62766E+18,"1,627,660,353",-5.013101642,10.46749605,,-5.773498497,10.18229144
1.62766E+18,"1,627,660,353",-4.613116358,10.809193,,-5.332629412,10.51131932
1.62766E+18,"1,627,660,353",-4.024489233,9.476729057,,-4.90842941,10.34255286
1.62766E+18,"1,627,660,353",-4.260823019,10.92990688,,-4.683768199,10.49005242
1.62766E+18,"1,627,660,353",-4.572307466,11.13957707,,-4.496767544,10.56458041
1.62766E+18,"1,627,660,353",-3.673615044,10.29818271,,-4.228870224,10.53071774
1.62766E+18,"1,627,660,353",-3.430661384,9.166506424,,-3.992379229,10.20218043
1.62766E+18,"1,627,660,353",-5.231905746,10.64668376,,-4.233862532,10.43617137
1.62766E+18,"1,627,660,353",-4.569578214,9.879761357,,-4.295613571,10.22614226
1.62766E+18,"1,627,660,353",-3.93136315,10.20460693,,-4.167424708,10.03914824
1.62766E+18,"1,627,660,354",-4.510586169,9.578447071,,-4.334818933,9.895201107
1.62766E+18,"1,627,660,354",-3.922866012,10.94222013,,-4.433259858,10.25034385
1.62766E+18,"1,627,660,354",-1.911556981,9.290695856,,-3.769190105,9.97914627
1.62766E+18,"1,627,660,354",-2.287317646,10.95806956,,-3.312737992,10.19480791
1.62766E+18,"1,627,660,354",-2.391022644,10.03327609,,-3.00466989,10.16054174
1.62766E+18,"1,627,660,354",-2.842724612,9.409994231,,-2.671097579,10.12685117
1.62766E+18,"1,627,660,354",-2.866659092,11.30548682,,-2.459856195,10.19950451
1.62766E+18,"1,627,660,354",-2.323899459,9.358323203,,-2.542324691,10.21302998
1.62766E+18,"1,627,660,354",-0.476064105,11.90399381,,-2.180073982,10.40221483
1.62766E+18,"1,627,660,354",-1.578810376,11.3481938,,-2.017631529,10.66519837
1.62766E+18,"1,627,660,355",-2.441436269,9.549142574,,-1.93737386,10.69302804
1.62766E+18,"1,627,660,355",-1.254796795,11.08474643,,-1.615001401,10.64887996
1.62766E+18,"1,627,660,355",-1.952012477,10.53453959,,-1.540624004,10.88412324
1.62766E+18,"1,627,660,355",-1.364613645,10.29636557,,-1.718333912,10.56259759
1.62766E+18,"1,627,660,355",-2.686367924,9.786973993,,-1.939845422,10.25035363
1.62766E+18,"1,627,660,355",-2.245590031,10.17338882,,-1.900676174,10.37520288
1.62766E+18,"1,627,660,355",-0.885699892,10.89464965,,-1.826856794,10.33718353
1.62766E+18,"1,627,660,355",0.691363399,11.93419635,,-1.298181619,10.61711488
1.62766E+18,"1,627,660,355",-1.191864383,9.850628864,,-1.263631766,10.52796754
1.62766E+18,"1,627,660,355",-1.636684568,11.18673573,,-1.053695095,10.80791988
1.62766E+18,"1,627,660,356",-1.102035506,10.4508907,,-0.82498419,10.86342026
1.62766E+18,"1,627,660,356",-0.278243794,10.44302966,,-0.70349297,10.77309626
1.62766E+18,"1,627,660,356",-0.298802151,10.21360339,,-0.90152608,10.42897767
1.62766E+18,"1,627,660,356",0.692535418,10.29805377,,-0.52464612,10.51846265
1.62766E+18,"1,627,660,356",0.902791854,10.58517503,,-0.016750836,10.39815051
1.62766E+18,"1,627,660,356",1.537568827,9.995592287,,0.511170031,10.30709083
1.62766E+18,"1,627,660,356",0.59364675,8.733532322,,0.68554814,9.965191359
1.62766E+18,"1,627,660,356",1.076355659,9.87592249,,0.960579702,9.897655179
1.62766E+18,"1,627,660,356",-0.166075906,10.75999818,,0.788857437,9.990044063
1.62766E+18,"1,627,660,356",0.988456992,10.03564894,,0.805990465,9.880138844
1.62766E+18,"1,627,660,357",1.455037719,12.28753554,,0.789484243,10.33852749
1.62766E+18,"1,627,660,357",1.780689941,10.30007691,,1.026892881,10.65183641
1.62766E+18,"1,627,660,357",0.101922206,11.02743686,,0.832006191,10.88213929
1.62766E+18,"1,627,660,357",0.844077683,11.61034621,,1.034036908,11.05220889
1.62766E+18,"1,627,660,357",1.713088529,10.73252579,,1.178963216,11.19158426
1.62766E+18,"1,627,660,357",1.591286955,10.33574133,,1.206213063,10.80122542
1.62766E+18,"1,627,660,357",1.253955447,9.771958409,,1.100866164,10.69560172
1.62766E+18,"1,627,660,357",1.477274654,10.83611223,,1.375936654,10.65733679
1.62766E+18,"1,627,660,357",2.35040828,10.47276473,,1.677202773,10.4298205
1.62766E+18,"1,627,660,357",3.049292185,9.856827054,,1.944443504,10.25468075
1.62766E+18,"1,627,660,358",2.548115922,11.19911569,,2.135809297,10.42735562
1.62766E+18,"1,627,660,358",1.635412243,9.991939643,,2.212100657,10.47135187
1.62766E+18,"1,627,660,358",2.776144277,10.23198417,,2.471874581,10.35052626
1.62766E+18,"1,627,660,358",2.534201482,10.77580853,,2.508633222,10.41113502
1.62766E+18,"1,627,660,358",2.524312903,10.13802878,,2.403637365,10.46737536
1.62766E+18,"1,627,660,358",2.895360739,9.74730569,,2.473086329,10.17701336
1.62766E+18,"1,627,660,358",4.221826678,11.14796748,,2.990369216,10.40821893
1.62766E+18,"1,627,660,358",2.839589162,10.8445443,,3.003058193,10.53073096
1.62766E+18,"1,627,660,358",3.8565792,10.9538772,,3.267533737,10.56634469
1.62766E+18,"1,627,660,358",4.433373975,10.71384178,,3.649345951,10.68150729
1.62766E+18,"1,627,660,359",3.921856411,11.24740933,,3.854645085,10.98152802
1.62766E+18,"1,627,660,359",4.005011566,10.66621941,,3.811282063,10.8851784
1.62766E+18,"1,627,660,359",4.925671489,11.51035559,,4.228498528,11.01834066
1.62766E+18,"1,627,660,359",3.634534758,10.96051254,,4.18408964,11.01966773
1.62766E+18,"1,627,660,359",3.558834112,11.36888731,,4.009181667,11.15067684
1.62766E+18,"1,627,660,359",4.434323825,11.21682551,,4.11167515,11.14456007
1.62766E+18,"1,627,660,359",5.638322552,11.02292204,,4.438337347,11.2159006
1.62766E+18,"1,627,660,359",4.200261416,11.88020007,,4.293255332,11.28986949
1.62766E+18,"1,627,660,359",4.312752321,11.54021697,,4.428898845,11.40581038
1.62766E+18,"1,627,660,359",5.158334875,10.49995441,,4.748798998,11.2320238
1.62766E+18,"1,627,660,360",5.430652414,11.31695868,,4.948064716,11.25205043
1.62766E+18,"1,627,660,360",6.157648129,11.370559,,5.051929831,11.32157783
1.62766E+18,"1,627,660,360",5.947873428,11.14570125,,5.401452234,11.17467806
1.62766E+18,"1,627,660,360",6.145829022,11.86408477,,5.768067574,11.23945162
1.62766E+18,"1,627,660,360",6.846260047,12.78839424,,6.105652608,11.69713959
1.62766E+18,"1,627,660,360",6.443613931,11.06491332,,6.308244912,11.64673052
1.62766E+18,"1,627,660,360",6.582408245,12.24827331,,6.393196935,11.82227338
1.62766E+18,"1,627,660,360",5.74877434,11.7848478,,6.353377117,11.95010269
1.62766E+18,"1,627,660,360",7.585815636,11.65193559,,6.64137444,11.90767285
1.62766E+18,"1,627,660,360",7.18053564,11.76532678,,6.708229558,11.70305936
1.62766E+18,"1,627,660,361",8.290216353,12.2054826,,7.077550043,11.93117321
1.62766E+18,"1,627,660,361",7.122577343,10.74038425,,7.185583862,11.6295954
1.62766E+18,"1,627,660,361",8.439197399,12.36677352,,7.723668474,11.74598055
1.62766E+18,"1,627,660,361",7.206069957,12.20857082,,7.647719339,11.85730759
1.62766E+18,"1,627,660,361",7.688767683,12.41327719,,7.749365747,11.98689767
1.62766E+18,"1,627,660,361",8.010027636,12.02119255,,7.693328004,11.95003967
1.62766E+18,"1,627,660,361",8.455925597,12.23014552,,7.959997654,12.24799192
1.62766E+18,"1,627,660,361",7.504952194,11.85863447,,7.773148613,12.14636411
1.62766E+18,"1,627,660,361",8.545004142,12.59451763,,8.04093545,12.22355347
1.62766E+18,"1,627,660,361",7.875832975,12.76208688,,8.078348509,12.29331541
1.62766E+18,"1,627,660,362",7.436698216,12.92885496,,7.963682625,12.47484789
1.62766E+18,"1,627,660,362",8.621443989,11.94369091,,7.996786303,12.41755697
1.62766E+18,"1,627,660,362",9.34713711,12.48415238,,8.365223286,12.54266055
1.62766E+18,"1,627,660,362",7.90461341,12.68880374,,8.23714514,12.56151778
1.62766E+18,"1,627,660,362",8.722499986,14.01028952,,8.406478542,12.8111583
1.62766E+18,"1,627,660,362",8.559036291,11.91017717,,8.630946157,12.60742274
1.62766E+18,"1,627,660,362",9.089497051,12.9221514,,8.72455677,12.80311484
1.62766E+18,"1,627,660,362",9.394281783,12.43130572,,8.733985704,12.79254551
1.62766E+18,"1,627,660,362",10.0430295,12.96128889,,9.161668921,12.84704254
1.62766E+18,"1,627,660,362",9.089574492,11.7985955,,9.235083823,12.40470373
1.62766E+18,"1,627,660,363",9.700044692,13.01122444,,9.463285503,12.62491319
1.62766E+18,"1,627,660,363",8.955555928,13.31111619,,9.436497278,12.70270615
1.62766E+18,"1,627,660,363",9.847261911,12.9837075,,9.527093304,12.81318651
1.62766E+18,"1,627,660,363",10.39217306,14.81947379,,9.596922016,13.18482349
1.62766E+18,"1,627,660,363",10.361787,13.57506431,,9.851364518,13.54011725
1.62766E+18,"1,627,660,363",9.652710616,13.39624169,,9.841897702,13.6171207
1.62766E+18,"1,627,660,363",9.378234998,15.6628647,,9.926433516,14.0874704
1.62766E+18,"1,627,660,363",11.07175214,13.60227426,,10.17133156,14.21118375
1.62766E+18,"1,627,660,363",9.567768715,13.36173542,,10.00645069,13.91963608
1.62766E+18,"1,627,660,363",11.70512517,11.98992072,,10.27511833,13.60260736
1.62766E+18,"1,627,660,364",11.32938469,14.59979801,,10.61045314,13.84331862
1.62766E+18,"1,627,660,364",10.90327353,14.34765814,,10.91546085,13.58027731
1.62766E+18,"1,627,660,364",11.28802146,14.28823561,,10.95871471,13.71746958
1.62766E+18,"1,627,660,364",11.32111745,14.66461806,,11.30938446,13.97804611
1.62766E+18,"1,627,660,364",11.33767022,13.05842808,,11.23589347,14.19174758
1.62766E+18,"1,627,660,364",11.15250853,12.79052297,,11.20051824,13.82989257
1.62766E+18,"1,627,660,364",12.61683636,13.4389229,,11.5432308,13.64814552
1.62766E+18,"1,627,660,364",12.81218534,12.95924041,,11.84806358,13.38234648
1.62766E+18,"1,627,660,364",11.41314692,14.37456665,,11.86646948,13.3243362
1.62766E+18,"1,627,660,364",12.11291179,12.82685677,,12.02151779,13.27802194
1.62766E+18,"1,627,660,365",11.97561121,13.6632747,,12.18613832,13.45257229
1.62766E+18,"1,627,660,365",11.93804279,13.73411009,,12.05037961,13.51160972
1.62766E+18,"1,627,660,365",12.30197441,14.693931,,11.94833743,13.85854784
1.62766E+18,"1,627,660,365",13.10989761,13.41489143,,12.28768756,13.6666128
1.62766E+18,"1,627,660,365",13.22936556,13.47135705,,12.51097832,13.79551285
1.62766E+18,"1,627,660,365",13.50799525,13.85810814,,12.81745512,13.83447954
1.62766E+18,"1,627,660,365",13.43387182,14.17015516,,13.11662093,13.92168856
1.62766E+18,"1,627,660,365",13.94673221,14.55618526,,13.44557249,13.89413941
1.62766E+18,"1,627,660,365",13.71375189,13.59904187,,13.56634335,13.9309695
1.62766E+18,"1,627,660,365",12.94830813,13.76307621,,13.51013186,13.98931333
1.62766E+18,"1,627,660,366",12.98707162,14.22647801,,13.40594713,14.0629873
1.62766E+18,"1,627,660,366",15.03028998,13.39221096,,13.72523077,13.90739846
1.62766E+18,"1,627,660,366",15.17573223,14.62242295,,13.97103077,13.920646
1.62766E+18,"1,627,660,366",14.21764988,13.97401362,,14.07181037,13.99564035
1.62766E+18,"1,627,660,366",15.33834622,14.79382658,,14.54981799,14.20179042
1.62766E+18,"1,627,660,366",16.28703421,12.68460074,,15.2098105,13.89341497
1.62766E+18,"1,627,660,366",13.99498455,14.4058922,,15.00274942,14.09615122
1.62766E+18,"1,627,660,366",14.79302748,13.36338208,,14.92620847,13.84434304
1.62766E+18,"1,627,660,366",14.20994439,13.56740678,,14.92466737,13.76302168
1.62766E+18,"1,627,660,366",14.80402933,13.23932619,,14.81780399,13.4521216
1.62766E+18,"1,627,660,367",15.3312074,13.28249063,,14.62663863,13.57169958
1.62766E+18,"1,627,660,367",16.20186701,12.51413629,,15.06801512,13.1933484
1.62766E+18,"1,627,660,367",14.81916796,12.22448852,,15.07324322,12.96556968
1.62766E+18,"1,627,660,367",17.13858697,13.47466848,,15.65897173,12.94702202
1.62766E+18,"1,627,660,367",15.09120393,13.12397523,,15.71640665,12.92395183
1.62766E+18,"1,627,660,367",16.08517311,12.26589729,,15.8671998,12.72063316
1.62766E+18,"1,627,660,367",15.60902091,13.10045923,,15.74863058,12.83789775
1.62766E+18,"1,627,660,367",16.84262005,12.96968254,,16.15332099,12.98693655
1.62766E+18,"1,627,660,367",16.49907378,11.64741557,,16.02541836,12.62148597
1.62766E+18,"1,627,660,367",15.5534954,14.02734661,,16.11787665,12.80216025
1.62766E+18,"1,627,660,368",17.27101358,13.60146423,,16.35504474,13.06927364
1.62766E+18,"1,627,660,368",17.25362503,13.40220012,,16.68396557,13.12962181
1.62766E+18,"1,627,660,368",18.27253575,12.63509797,,16.96994871,13.0627049
1.62766E+18,"1,627,660,368",16.38462465,14.09943949,,16.94705888,13.55310968
1.62766E+18,"1,627,660,368",19.45458503,11.68523453,,17.72727681,13.08468727
1.62766E+18,"1,627,660,368",18.47954685,12.79023784,,17.96898346,12.92244199
1.62766E+18,"1,627,660,368",16.90658234,11.01838058,,17.89957493,12.44567808
1.62766E+18,"1,627,660,368",16.88956626,11.42556128,,17.62298103,12.20377074
1.62766E+18,"1,627,660,368",17.6969417,12.57908684,,17.88544444,11.89970021
1.62766E+18,"1,627,660,368",17.53099434,11.63526203,,17.5007263,11.88970571
1.62766E+18,"1,627,660,369",17.62210863,12.49289483,,17.32923865,11.83023711
1.62766E+18,"1,627,660,369",18.39118939,11.87400446,,17.62616006,12.00136189
1.62766E+18,"1,627,660,369",17.95148854,10.78475143,,17.83854452,11.87319992
1.62766E+18,"1,627,660,369",18.34032568,10.83430058,,17.96722132,11.52424267
1.62766E+18,"1,627,660,369",17.29606796,11.81631722,,17.92023604,11.56045371
1.62766E+18,"1,627,660,369",18.68052691,10.84949707,,18.13191969,11.23177415
1.62766E+18,"1,627,660,369",18.36798946,11.15344805,,18.12727971,11.08766287
1.62766E+18,"1,627,660,369",18.86183766,10.70208677,,18.30934953,11.07112994
1.62766E+18,"1,627,660,369",18.57522068,9.931583767,,18.35632853,10.89058658
1.62766E+18,"1,627,660,369",17.46464085,11.42919192,,18.39004311,10.81316151
1.62766E+18,"1,627,660,370",19.3837514,10.60708866,,18.53068801,10.76467983
1.62766E+18,"1,627,660,370",17.35668353,11.13886084,,18.32842682,10.76176239
1.62766E+18,"1,627,660,370",19.54809384,10.58332977,,18.46567806,10.73801099
1.62766E+18,"1,627,660,370",19.67773847,9.791382317,,18.68618162,10.7099707
1.62766E+18,"1,627,660,370",19.28014154,9.977082638,,19.04928176,10.41954884
1.62766E+18,"1,627,660,370",19.55833033,9.482817092,,19.08419754,10.19469453
1.62766E+18,"1,627,660,370",18.80184026,9.292130229,,19.37322889,9.825348408
1.62766E+18,"1,627,660,370",18.61639896,8.863614941,,19.18688991,9.481405443
1.62766E+18,"1,627,660,370",20.41006345,9.516272437,,19.33335491,9.426383467
1.62766E+18,"1,627,660,370",18.51426839,8.726577015,,19.18018028,9.176282343
1.62766E+18,"1,627,660,371",19.08272906,9.52551261,,19.08506003,9.184821447
1.62766E+18,"1,627,660,371",19.0562241,8.565490272,,19.13593679,9.039493455
1.62766E+18,"1,627,660,371",19.26305908,8.25892775,,19.26526882,8.918556017
1.62766E+18,"1,627,660,371",19.66640138,8.340375518,,19.1165364,8.683376633
1.62766E+18,"1,627,660,371",18.31627258,9.705248506,,19.07693724,8.879110931
1.62766E+18,"1,627,660,371",19.71059815,9.440940216,,19.20251106,8.862196452
1.62766E+18,"1,627,660,371",19.79055377,8.272848599,,19.34937699,8.803668118
1.62766E+18,"1,627,660,371",20.0882413,8.565497697,,19.51441344,8.864982107
1.62766E+18,"1,627,660,371",18.71508044,8.970504863,,19.32414925,8.991007976
1.62766E+18,"1,627,660,371",17.95639618,7.828080786,,19.25217397,8.615574432
1.62766E+18,"1,627,660,372",19.99960007,7.172418048,,19.30997435,8.161869999
1.62766E+18,"1,627,660,372",18.6196963,8.033687223,,19.07580286,8.114037723
1.62766E+18,"1,627,660,372",19.0169508,7.041376708,,18.86154476,7.809213526
1.62766E+18,"1,627,660,372",18.95935272,6.268999149,,18.91039922,7.268912383
1.62766E+18,"1,627,660,372",19.1059184,6.524182008,,19.14030366,7.008132627
1.62766E+18,"1,627,660,372",18.90267174,6.817525293,,18.92091799,6.937154076
1.62766E+18,"1,627,660,372",19.87966748,6.876894377,,19.17291223,6.705795507
1.62766E+18,"1,627,660,372",18.48209966,6.807886463,,19.065942,6.659097458
1.62766E+18,"1,627,660,372",19.97542823,5.699704451,,19.2691571,6.545238518
1.62766E+18,"1,627,660,372",19.13904769,6.679220771,,19.27578296,6.576246271
1.62766E+18,"1,627,660,373",20.62851358,4.574626605,,19.62095133,6.127666533
1.62766E+18,"1,627,660,373",19.11619318,5.606622387,,19.46825647,5.873612135
1.62766E+18,"1,627,660,373",19.49333076,5.616280263,,19.67050269,5.635290895
1.62766E+18,"1,627,660,373",20.32300916,5.540824626,,19.74001887,5.60351493
1.62766E+18,"1,627,660,373",18.84164039,6.487623767,,19.68053741,5.56519553
1.62766E+18,"1,627,660,373",19.06050239,6.077442141,,19.36693518,5.865758637
1.62766E+18,"1,627,660,373",20.10096082,4.43320286,,19.5638887,5.631074731
1.62766E+18,"1,627,660,373",19.12784865,5.836294901,,19.49079228,5.675077659
1.62766E+18,"1,627,660,373",19.47237697,5.211508665,,19.32066584,5.609214467
1.62766E+18,"1,627,660,373",18.36385041,4.861480268,,19.22510785,5.283985767
1.62766E+18,"1,627,660,374",19.37422249,5.822073871,,19.28785187,5.232912113
1.62766E+18,"1,627,660,374",18.96984431,4.882265414,,19.06162857,5.322724624
1.62766E+18,"1,627,660,374",18.55175371,3.115841936,,18.94640958,4.778634031
1.62766E+18,"1,627,660,374",18.26122037,3.841093383,,18.70417826,4.504550974
1.62766E+18,"1,627,660,374",18.08516906,3.864263753,,18.64844199,4.305107671
1.62766E+18,"1,627,660,374",19.74931721,5.20079153,,18.72346094,4.180851203
1.62766E+18,"1,627,660,374",17.52006277,3.369629528,,18.43350463,3.878324026
1.62766E+18,"1,627,660,374",17.91573696,3.652726571,,18.30630128,3.985700953
1.62766E+18,"1,627,660,374",18.70022378,3.147761992,,18.39410196,3.847034675
1.62766E+18,"1,627,660,374",17.16188083,3.96628658,,18.20944431,3.86743924
1.62766E+18,"1,627,660,375",18.16624215,2.832309597,,17.8928293,3.393742854
1.62766E+18,"1,627,660,375",18.93571054,2.993668748,,18.17595885,3.318550698
1.62766E+18,"1,627,660,375",17.37863714,4.017909452,,18.06853889,3.391587274
1.62766E+18,"1,627,660,375",18.17861931,2.508226617,,17.96421799,3.263680199
1.62766E+18,"1,627,660,375",17.81858464,2.200415368,,18.09555876,2.910505957
1.62766E+18,"1,627,660,375",18.35662726,2.329861468,,18.13363578,2.810016331
1.62766E+18,"1,627,660,375",17.85913712,0.897944741,,17.9183211,2.390871529
1.62766E+18,"1,627,660,375",18.46419512,1.532951649,,18.13543269,1.893879969
1.62766E+18,"1,627,660,375",17.95172613,1.059123653,,18.09005406,1.604059376
1.62766E+18,"1,627,660,375",17.83603914,2.183101764,,18.09354496,1.600596655
1.62766E+18,"1,627,660,376",18.8515896,1.95218181,,18.19253742,1.525060723
1.62766E+18,"1,627,660,376",16.92084227,0.962191504,,18.00487845,1.537910076
1.62766E+18,"1,627,660,376",17.3982526,1.401290669,,17.79168995,1.51157788
1.62766E+18,"1,627,660,376",16.77115362,3.310103843,,17.55557545,1.961773918
1.62766E+18,"1,627,660,376",16.26053185,0.736991029,,17.24047399,1.672551771
1.62766E+18,"1,627,660,376",17.30377172,0.736922863,,16.93091041,1.429499982
1.62766E+18,"1,627,660,376",17.79255269,1.212528938,,17.1052525,1.479567469
1.62766E+18,"1,627,660,376",17.94655451,0.520507591,,17.21491288,1.303410853
1.62766E+18,"1,627,660,376",17.11773393,-0.111395878,,17.28422894,0.619110909
1.62766E+18,"1,627,660,376",16.85706607,1.43919839,,17.40353578,0.759552381
1.62766E+18,"1,627,660,377",15.99629631,-0.385918595,,17.1420407,0.534984089
1.62766E+18,"1,627,660,377",17.07136413,0.531764977,,16.99780299,0.398831297
1.62766E+18,"1,627,660,377",16.239153,0.128107248,,16.65632269,0.320351228
1.62766E+18,"1,627,660,377",16.9151622,0.206943317,,16.61580834,0.384019067
1.62766E+18,"1,627,660,377",18.75749245,-1.177606699,,16.99589362,-0.13934195
1.62766E+18,"1,627,660,377",16.48004214,-0.730029318,,17.09264278,-0.208164095
1.62766E+18,"1,627,660,377",16.00140591,-0.043447572,,16.87865114,-0.323206605
1.62766E+18,"1,627,660,377",16.59032237,0.509480131,,16.94888501,-0.246932028
1.62766E+18,"1,627,660,377",17.29583637,-0.92668489,,17.02501985,-0.47365767
1.62766E+18,"1,627,660,377",15.65641863,0.151283082,,16.40480508,-0.207879714
1.62766E+18,"1,627,660,378",16.61757909,-1.589243274,,16.43231247,-0.379722505
1.62766E+18,"1,627,660,378",15.99004509,-0.085116861,,16.43004031,-0.388056362
1.62766E+18,"1,627,660,378",16.6361498,-1.271843315,,16.4392058,-0.744321052
1.62766E+18,"1,627,660,378",16.38172317,-0.486786902,,16.25638316,-0.656341454
1.62766E+18,"1,627,660,378",15.93628979,0.246870689,,16.31235739,-0.637223933
1.62766E+18,"1,627,660,378",15.59865507,-1.306894067,,16.10857258,-0.580754091
1.62766E+18,"1,627,660,378",16.40910452,-1.822320293,,16.19238447,-0.928194778
1.62766E+18,"1,627,660,378",14.48646187,-1.891433611,,15.76244688,-1.052112837
1.62766E+18,"1,627,660,378",15.56433007,-1.988361453,,15.59896826,-1.352427747
1.62766E+18,"1,627,660,378",16.10978251,-1.96246018,,15.63366681,-1.794293921
1.62766E+18,"1,627,660,379",14.9176977,-1.693501605,,15.49747534,-1.871615429
1.62766E+18,"1,627,660,379",14.16197715,-0.577483782,,15.04804986,-1.622648126
1.62766E+18,"1,627,660,379",14.54842319,-2.414654609,,15.06044213,-1.727292326
1.62766E+18,"1,627,660,379",14.89946575,-2.37581626,,14.92746926,-1.804783287
1.62766E+18,"1,627,660,379",13.74512359,-2.02333096,,14.45453748,-1.816957443
1.62766E+18,"1,627,660,379",14.04389574,-3.298523623,,14.27977709,-2.137961847
1.62766E+18,"1,627,660,379",13.87500914,-2.676323881,,14.22238348,-2.557729867
1.62766E+18,"1,627,660,379",14.23414438,-2.204188152,,14.15952772,-2.515636575
1.62766E+18,"1,627,660,379",14.6949197,-2.548341449,,14.11861851,-2.550141613
1.62766E+18,"1,627,660,379",14.20601158,-2.834887514,,14.21079611,-2.712452924
1.62766E+18,"1,627,660,380",14.31042433,-3.990175238,,14.26410183,-2.850783247
1.62766E+18,"1,627,660,380",14.58468872,-2.738445446,,14.40603774,-2.86320756
1.62766E+18,"1,627,660,380",13.92700452,-4.88441043,,14.34460977,-3.399252015
1.62766E+18,"1,627,660,380",13.58416008,-3.200957559,,14.12245785,-3.529775237
1.62766E+18,"1,627,660,380",12.76018855,-4.771500138,,13.83329324,-3.917097762
1.62766E+18,"1,627,660,380",14.43203086,-3.191685616,,13.85761455,-3.757399838
1.62766E+18,"1,627,660,380",11.95707787,-3.4056921,,13.33209238,-3.890849169
1.62766E+18,"1,627,660,380",13.18073432,-3.567266151,,13.18283833,-3.627420313
1.62766E+18,"1,627,660,380",12.59473873,-5.038391889,,12.98495406,-3.994907179
1.62766E+18,"1,627,660,380",12.36990395,-3.506247831,,12.90689714,-3.741856717
1.62766E+18,"1,627,660,381",12.37487774,-3.686769616,,12.49546652,-3.840873517
1.62766E+18,"1,627,660,381",12.13621783,-4.047636807,,12.53129451,-3.969262459
1.62766E+18,"1,627,660,381",13.43817913,-2.747699708,,12.58278348,-3.80534917
1.62766E+18,"1,627,660,381",11.94059565,-4.453559476,,12.45195486,-3.688382688
1.62766E+18,"1,627,660,381",13.05998228,-4.681476729,,12.58997053,-3.923428467
1.62766E+18,"1,627,660,381",12.66358613,-4.027936655,,12.6477122,-3.991661875
1.62766E+18,"1,627,660,381",11.33788244,-4.075628699,,12.48804513,-3.997260254
1.62766E+18,"1,627,660,381",12.42077222,-3.334906593,,12.28456374,-4.114701631
1.62766E+18,"1,627,660,381",13.23830163,-5.116143909,,12.54410494,-4.247218517
1.62766E+18,"1,627,660,381",12.1167217,-5.294413652,,12.35545283,-4.369805901
1.62766E+18,"1,627,660,382",12.21035638,-4.645126617,,12.26480688,-4.493243894
1.62766E+18,"1,627,660,382",10.74619254,-5.707532435,,12.1464689,-4.819624641
1.62766E+18,"1,627,660,382",10.18093877,-5.813701094,,11.6985022,-5.315383541
1.62766E+18,"1,627,660,382",10.91874091,-4.423914885,,11.23459006,-5.176937736
1.62766E+18,"1,627,660,382",11.0476068,-4.814879097,,11.02076708,-5.081030826
1.62766E+18,"1,627,660,382",10.52725508,-3.889202495,,10.68414682,-4.929846001
1.62766E+18,"1,627,660,382",10.51257452,-4.406435876,,10.63742321,-4.669626689
1.62766E+18,"1,627,660,382",11.95355629,-4.326850393,,10.99194672,-4.372256549
1.62766E+18,"1,627,660,382",10.32330358,-4.942808056,,10.87285925,-4.476035184
1.62766E+18,"1,627,660,382",10.52029157,-4.438445362,,10.76739621,-4.400748437
1.62766E+18,"1,627,660,383",9.727688049,-5.948384128,,10.6074828,-4.812584763
1.62766E+18,"1,627,660,383",8.934235297,-5.544946964,,10.29181496,-5.040286981
1.62766E+18,"1,627,660,383",10.56641483,-5.937006715,,10.01438667,-5.362318245
1.62766E+18,"1,627,660,383",8.8323474,-6.074006453,,9.716195431,-5.588557925
1.62766E+18,"1,627,660,383",9.046570497,-4.942070007,,9.421451216,-5.689282853
1.62766E+18,"1,627,660,383",8.563418765,-5.752656211,,9.188597359,-5.65013727
1.62766E+18,"1,627,660,383",9.098566377,-4.332766013,,9.221463575,-5.40770108
1.62766E+18,"1,627,660,383",8.467787665,-5.711859878,,8.801738141,-5.362671712
1.62766E+18,"1,627,660,383",9.263458052,-6.472593707,,8.887960271,-5.442389163
1.62766E+18,"1,627,660,383",7.843601385,-6.45256226,,8.647366449,-5.744487614
1.62766E+18,"1,627,660,384",9.089470023,-5.84626681,,8.7525767,-5.763209734
1.62766E+18,"1,627,660,384",9.296561121,-4.639444919,,8.792175649,-5.824545515
1.62766E+18,"1,627,660,384",8.501904765,-6.028499695,,8.798999069,-5.887873478
1.62766E+18,"1,627,660,384",7.766593533,-5.407118061,,8.499626165,-5.674778349
1.62766E+18,"1,627,660,384",8.295625417,-6.37236658,,8.590030972,-5.658739213
1.62766E+18,"1,627,660,384",8.202972231,-6.351754828,,8.412731413,-5.759836817
1.62766E+18,"1,627,660,384",7.626341635,-6.426845556,,8.078687516,-6.117316944
1.62766E+18,"1,627,660,384",9.661737758,-7.271867979,,8.310654115,-6.365990601
1.62766E+18,"1,627,660,384",7.667688513,-6.458616776,,8.290873111,-6.576290344
1.62766E+18,"1,627,660,384",6.733015209,-5.530661902,,7.97835107,-6.407949408
1.62766E+18,"1,627,660,385",8.634087948,-5.808111666,,8.064574213,-6.299220776
1.62766E+18,"1,627,660,385",6.565101938,-6.455569401,,7.852326273,-6.304965545
1.62766E+18,"1,627,660,385",7.617070808,-4.899841987,,7.443392883,-5.830560346
1.62766E+18,"1,627,660,385",7.218037133,-6.598555112,,7.353462607,-5.858548014
1.62766E+18,"1,627,660,385",6.006475317,-7.058106669,,7.208154629,-6.164036967
1.62766E+18,"1,627,660,385",7.016887026,-5.450217535,,6.884714444,-6.092458141
1.62766E+18,"1,627,660,385",4.730105114,-7.450458012,,6.517715079,-6.291435863
1.62766E+18,"1,627,660,385",6.391145193,-6.314676055,,6.272529956,-6.574402677
1.62766E+18,"1,627,660,385",6.581534411,-6.749538085,,6.145229412,-6.604599271
1.62766E+18,"1,627,660,385",5.525487802,-8.178512849,,6.049031909,-6.828680507
1.62766E+18,"1,627,660,386",6.332815389,-7.18297698,,5.912217582,-7.175232396
1.62766E+18,"1,627,660,386",5.903083398,-8.028573853,,6.146813238,-7.290855564
1.62766E+18,"1,627,660,386",5.077771625,-8.290695097,,5.884138525,-7.686059373
1.62766E+18,"1,627,660,386",4.601363916,-7.269970621,,5.488104426,-7.79014588
1.62766E+18,"1,627,660,386",7.706255231,-7.700912042,,5.924257911,-7.694625718
1.62766E+18,"1,627,660,386",5.844350368,-7.203679328,,5.826564907,-7.698766188
1.62766E+18,"1,627,660,386",6.111047128,-6.559140605,,5.868157653,-7.404879538
1.62766E+18,"1,627,660,386",4.357050177,-7.427038258,,5.724013364,-7.232148171
1.62766E+18,"1,627,660,386",3.445669921,-8.601719472,,5.492874565,-7.498497941
1.62766E+18,"1,627,660,386",5.694036325,-6.030252695,,5.090430784,-7.164366071
1.62766E+18,"1,627,660,387",5.635436731,-7.724783992,,5.048648057,-7.268587004
1.62766E+18,"1,627,660,387",3.393761464,-7.636204441,,4.505190924,-7.483999772
1.62766E+18,"1,627,660,387",4.545704802,-7.590172605,,4.542921849,-7.516626641
1.62766E+18,"1,627,660,387",4.001111157,-6.635065897,,4.654010096,-7.123295926
1.62766E+18,"1,627,660,387",4.984920056,-8.095787294,,4.512186842,-7.536402846
1.62766E+18,"1,627,660,387",4.071441871,-7.651133438,,4.19938787,-7.521672735
1.62766E+18,"1,627,660,387",3.445896032,-8.133012556,,4.209814784,-7.621034358
1.62766E+18,"1,627,660,387",3.174175343,-7.790480795,,3.935508892,-7.661095996
1.62766E+18,"1,627,660,387",3.30685183,-7.004103062,,3.796657027,-7.734903429
1.62766E+18,"1,627,660,387",3.197884907,-8.542287296,,3.439249997,-7.824203429
1.62766E+18,"1,627,660,388",3.45041582,-8.137689262,,3.315044786,-7.921514594
1.62766E+18,"1,627,660,388",2.052667931,-8.01074769,,3.036399166,-7.897061621
1.62766E+18,"1,627,660,388",1.782184335,-8.550145566,,2.758000964,-8.048994575
1.62766E+18,"1,627,660,388",2.131268587,-7.708551288,,2.522884316,-8.18988422
1.62766E+18,"1,627,660,388",2.672119501,-8.766082212,,2.417731235,-8.234643204
1.62766E+18,"1,627,660,388",3.849481997,-8.771498243,,2.49754447,-8.361405
1.62766E+18,"1,627,660,388",1.588930317,-9.020782028,,2.404796947,-8.563411867
1.62766E+18,"1,627,660,388",2.497172501,-9.081341186,,2.547794581,-8.669650991
1.62766E+18,"1,627,660,388",2.768300964,-9.035820453,,2.675201056,-8.935104825
1.62766E+18,"1,627,660,388",2.898815885,-8.288861726,,2.720540333,-8.839660727
1.62766E+18,"1,627,660,389",2.286738152,-8.577110545,,2.407991564,-8.800783188
1.62766E+18,"1,627,660,389",1.51573046,-7.940734889,,2.393351592,-8.58477376
1.62766E+18,"1,627,660,389",2.710534617,-9.926903027,,2.436024015,-8.753886128
1.62766E+18,"1,627,660,389",2.002040791,-9.375644366,,2.282771981,-8.821850911
1.62766E+18,"1,627,660,389",2.346093265,-10.75382597,,2.172227457,-9.31484376
1.62766E+18,"1,627,660,389",2.142655123,-9.248716306,,2.143410851,-9.449164912
1.62766E+18,"1,627,660,389",-0.028961114,-10.95790615,,1.834472536,-10.05259916
1.62766E+18,"1,627,660,389",0.787072232,-9.3955518,,1.449780059,-9.946328918
1.62766E+18,"1,627,660,389",0.174110931,-10.17623584,,1.084194087,-10.10644721
1.62766E+18,"1,627,660,389",0.881036185,-10.29293953,,0.791182671,-10.01426992
1.62766E+18,"1,627,660,390",0.088550811,-9.381403473,,0.380361809,-10.04080736
1.62766E+18,"1,627,660,390",1.537301171,-10.3133966,,0.693614266,-9.911905449
1.62766E+18,"1,627,660,390",1.039292922,-10.81933205,,0.744058404,-10.1966615
1.62766E+18,"1,627,660,390",-0.030663082,-9.925074081,,0.703103601,-10.14642915
1.62766E+18,"1,627,660,390",0.532672761,-8.894916906,,0.633430916,-9.866824623
1.62766E+18,"1,627,660,390",0.392840529,-10.31009163,,0.69428886,-10.05256225
1.62766E+18,"1,627,660,390",0.917236144,-9.757678588,,0.570275855,-9.941418651
1.62766E+18,"1,627,660,390",-0.334345488,-10.48786875,,0.295548173,-9.875125991
1.62766E+18,"1,627,660,390",-0.30371237,-10.26623927,,0.240938315,-9.943359028
1.62766E+18,"1,627,660,390",0.173918793,-11.38026225,,0.169187521,-10.4404281
1.62766E+18,"1,627,660,391",-1.701881782,-10.46951859,,-0.249756941,-10.47231349
1.62766E+18,"1,627,660,391",-1.020178766,-11.0471956,,-0.637239923,-10.73021689
1.62766E+18,"1,627,660,391",-0.951714945,-11.75456927,,-0.760713814,-10.983557
1.62766E+18,"1,627,660,391",0.089732989,-10.42957168,,-0.682024742,-11.01622348
1.62766E+18,"1,627,660,391",-0.567912008,-11.00462777,,-0.830390902,-10.94109658
1.62766E+18,"1,627,660,391",-1.079570789,-12.25431604,,-0.705928704,-11.29805607
1.62766E+18,"1,627,660,391",-2.906184097,-11.26799817,,-1.08312977,-11.34221659
1.62766E+18,"1,627,660,391",-1.747827464,-12.03878091,,-1.242352274,-11.39905891
1.62766E+18,"1,627,660,391",-2.390061685,-10.24174062,,-1.738311209,-11.3614927
1.62766E+18,"1,627,660,391",-1.92364208,-10.08104727,,-2.009457223,-11.1767766
1.62766E+18,"1,627,660,392",-2.044368843,-10.50141903,,-2.202416834,-10.8261972
1.62766E+18,"1,627,660,392",-3.397645883,-10.76001023,,-2.300709191,-10.72459961
1.62766E+18,"1,627,660,392",-1.548150736,-11.33245016,,-2.260773846,-10.58333346
1.62766E+18,"1,627,660,392",-3.336029354,-13.17372931,,-2.449967379,-11.1697312
1.62766E+18,"1,627,660,392",-2.428887497,-11.08966032,,-2.551016463,-11.37145381
1.62766E+18,"1,627,660,392",-2.681639732,-12.19650106,,-2.678470641,-11.71047022
1.62766E+18,"1,627,660,392",-2.638515781,-12.41118735,,-2.52664462,-12.04070564
1.62766E+18,"1,627,660,392",-3.435171586,-12.08457152,,-2.90404879,-12.19112991
1.62766E+18,"1,627,660,392",-2.964138277,-11.25994714,,-2.829670575,-11.80837348
1.62766E+18,"1,627,660,392",-2.885226745,-11.25233971,,-2.920938424,-11.84090935
1.62766E+18,"1,627,660,393",-3.001149367,-11.90594027,,-2.984840351,-11.7827972
1.62766E+18,"1,627,660,393",-3.715181366,-11.49757389,,-3.200173468,-11.60007451
1.62766E+18,"1,627,660,393",-3.636508341,-13.02327125,,-3.240440819,-11.78781445
1.62766E+18,"1,627,660,393",-4.070203583,-12.06265824,,-3.46165388,-11.94835667
1.62766E+18,"1,627,660,393",-3.985965317,-12.65731093,,-3.681801595,-12.22935091
1.62766E+18,"1,627,660,393",-3.26606551,-12.06088378,,-3.734784823,-12.26033962
1.62766E+18,"1,627,660,393",-3.98461808,-12.03037004,,-3.788672166,-12.36689885
1.62766E+18,"1,627,660,393",-3.896918566,-12.29621584,,-3.840754211,-12.22148777
1.62766E+18,"1,627,660,393",-4.439234835,-12.07307116,,-3.914560461,-12.22357035
1.62766E+18,"1,627,660,393",-4.805367284,-12.74265495,,-4.078440855,-12.24063916
1.62766E+18,"1,627,660,394",-4.892616596,-12.04427525,,-4.403751072,-12.23731745
1.62766E+18,"1,627,660,394",-5.366513785,-13.98522806,,-4.680130213,-12.62828905
1.62766E+18,"1,627,660,394",-5.153273341,-12.08777745,,-4.931401168,-12.58660138
1.62766E+18,"1,627,660,394",-4.14908011,-13.65128917,,-4.873370223,-12.90224498
1.62766E+18,"1,627,660,394",-5.961367025,-11.54166083,,-5.104570172,-12.66204615
1.62766E+18,"1,627,660,394",-5.018690894,-13.0250747,,-5.129785031,-12.85820604
1.62766E+18,"1,627,660,394",-4.894526646,-12.17179306,,-5.035387603,-12.49551904
1.62766E+18,"1,627,660,394",-4.188461181,-13.58934947,,-4.842425171,-12.79583345
1.62766E+18,"1,627,660,394",-6.431823117,-13.63066135,,-5.298973773,-12.79170788
1.62766E+18,"1,627,660,394",-6.542040126,-14.49558715,,-5.415108393,-13.38249315
1.62766E+18,"1,627,660,395",-5.903400684,-13.6002571,,-5.592050351,-13.49752963
1.62766E+18,"1,627,660,395",-6.222736308,-14.69844476,,-5.857692283,-14.00285997
1.62766E+18,"1,627,660,395",-5.19410015,-14.71849561,,-6.058820077,-14.22868919
1.62766E+18,"1,627,660,395",-6.167460879,-13.42398283,,-6.005947629,-14.18735349
1.62766E+18,"1,627,660,395",-4.246140237,-14.169451,,-5.546767652,-14.12212626
1.62766E+18,"1,627,660,395",-5.957903237,-13.79941595,,-5.557668162,-14.16195803
1.62766E+18,"1,627,660,395",-7.185797877,-12.56868914,,-5.750280476,-13.73600691
1.62766E+18,"1,627,660,395",-7.715920542,-13.91725223,,-6.254644554,-13.57575823
1.62766E+18,"1,627,660,395",-5.56947074,-13.44376755,,-6.135046527,-13.57971518
1.62766E+18,"1,627,660,395",-6.708819666,-12.64442275,,-6.627582412,-13.27470953
1.62766E+18,"1,627,660,396",-7.959521135,-13.53454883,,-7.027905992,-13.2217361
1.62766E+18,"1,627,660,396",-7.733813365,-15.01321382,,-7.13750909,-13.71064104
1.62766E+18,"1,627,660,396",-7.258600824,-14.25921476,,-7.046045146,-13.77903354
1.62766E+18,"1,627,660,396",-8.537227258,-14.66390438,,-7.63959645,-14.02306091
1.62766E+18,"1,627,660,396",-6.15726303,-14.82573387,,-7.529285123,-14.45932313
1.62766E+18,"1,627,660,396",-9.172635958,-15.75496203,,-7.771908087,-14.90340577
1.62766E+18,"1,627,660,396",-7.904792472,-13.51581707,,-7.806103908,-14.60392642
1.62766E+18,"1,627,660,396",-7.156658701,-14.68296493,,-7.785715484,-14.68867646
1.62766E+18,"1,627,660,396",-7.697186562,-14.25727625,,-7.617707345,-14.60735083
1.62766E+18,"1,627,660,396",-8.28997844,-14.89600022,,-8.044250426,-14.6214041
1.62766E+18,"1,627,660,397",-8.858727812,-13.95834627,,-7.981468797,-14.26208095
1.62766E+18,"1,627,660,397",-9.958038642,-14.81379864,,-8.392118032,-14.52167726
1.62766E+18,"1,627,660,397",-8.410173414,-14.11142079,,-8.642820974,-14.40736843
1.62766E+18,"1,627,660,397",-8.952201128,-14.9474709,,-8.893823887,-14.54540736
1.62766E+18,"1,627,660,397",-9.444593058,-14.66490452,,-9.124746811,-14.49918822
1.62766E+18,"1,627,660,397",-7.891792675,-13.59410697,,-8.931359784,-14.42634036
1.62766E+18,"1,627,660,397",-8.498667886,-13.595833,,-8.639485633,-14.18274724
1.62766E+18,"1,627,660,397",-9.066489421,-14.98520653,,-8.770748834,-14.35750438
1.62766E+18,"1,627,660,397",-11.05835236,-15.20985705,,-9.191979081,-14.40998161
1.62766E+18,"1,627,660,397",-9.734667038,-14.68559586,,-9.249993877,-14.41411988
1.62766E+18,"1,627,660,398",-10.16179956,-14.99837512,,-9.703995254,-14.69497351
1.62766E+18,"1,627,660,398",-11.38005909,-14.43724238,,-10.28027349,-14.86325539
1.62766E+18,"1,627,660,398",-10.90918666,-15.30096016,,-10.64881294,-14.92640611
1.62766E+18,"1,627,660,398",-11.49308355,-14.84825933,,-10.73575918,-14.85408657
1.62766E+18,"1,627,660,398",-10.43449764,-13.62159815,,-10.8757253,-14.64128703
1.62766E+18,"1,627,660,398",-9.792338847,-14.2894772,,-10.80183316,-14.49950744
1.62766E+18,"1,627,660,398",-10.47755983,-13.58776975,,-10.6213333,-14.32961292
1.62766E+18,"1,627,660,398",-11.14388917,-14.48415594,,-10.66827381,-14.16625208
1.62766E+18,"1,627,660,398",-11.90117225,-13.56882702,,-10.74989155,-13.91036561
1.62766E+18,"1,627,660,398",-11.96753816,-14.14307356,,-11.05649965,-14.0146607
1.62766E+18,"1,627,660,399",-11.95365044,-15.56163666,,-11.48876197,-14.26909259
1.62766E+18,"1,627,660,399",-12.50409202,-14.33216441,,-11.89406841,-14.41797152
1.62766E+18,"1,627,660,399",-11.58086077,-13.08630007,,-11.98146273,-14.13840035
1.62766E+18,"1,627,660,399",-12.6694645,-13.92952838,,-12.13512118,-14.21054062
1.62766E+18,"1,627,660,399",-12.20860519,-12.71112527,,-12.18333458,-13.92415096
1.62766E+18,"1,627,660,399",-13.23316235,-14.31437543,,-12.43923696,-13.67469871
1.62766E+18,"1,627,660,399",-11.72543574,-11.8366507,,-12.28350571,-13.17559597
1.62766E+18,"1,627,660,399",-12.28286871,-14.46000912,,-12.4239073,-13.45033778
1.62766E+18,"1,627,660,399",-12.38924141,-14.74788173,,-12.36786268,-13.61400845
1.62766E+18,"1,627,660,399",-12.00388637,-14.39304117,,-12.32691892,-13.95039163
1.62766E+18,"1,627,660,400",-15.46861011,-12.54896852,,-12.77400847,-13.59731025
1.62766E+18,"1,627,660,400",-11.83578732,-12.44503753,,-12.79607878,-13.71898761
1.62766E+18,"1,627,660,400",-14.18841183,-13.21444084,,-13.17718741,-13.46987396
1.62766E+18,"1,627,660,400",-12.14031728,-12.64869543,,-13.12740258,-13.0500367
1.62766E+18,"1,627,660,400",-12.97932958,-12.31776562,,-13.32249122,-12.63498159
1.62766E+18,"1,627,660,400",-12.94448251,-12.67629842,,-12.81766571,-12.66044757
1.62766E+18,"1,627,660,400",-13.28923344,-12.86130599,,-13.10835493,-12.74370126
1.62766E+18,"1,627,660,400",-12.03133091,-13.61210825,,-12.67693875,-12.82323474
1.62766E+18,"1,627,660,400",-13.05025186,-13.08314076,,-12.85892566,-12.91012381
1.62766E+18,"1,627,660,400",-13.97107136,-11.15809073,,-13.05727402,-12.67818883
1.62766E+18,"1,627,660,401",-14.21708337,-13.80093876,,-13.31179419,-12.9031169
1.62766E+18,"1,627,660,401",-12.68833469,-12.28419791,,-13.19161444,-12.78769528
1.62766E+18,"1,627,660,401",-14.68588435,-11.98549526,,-13.72252513,-12.46237268
1.62766E+18,"1,627,660,401",-15.04383091,-11.95602852,,-14.12124094,-12.23695024
1.62766E+18,"1,627,660,401",-14.6680849,-11.76388079,,-14.26064364,-12.35810825
1.62766E+18,"1,627,660,401",-15.40749111,-10.61283908,,-14.49872519,-11.72048831
1.62766E+18,"1,627,660,401",-13.63079892,-10.77853766,,-14.68721804,-11.41935626
1.62766E+18,"1,627,660,401",-14.65208848,-11.51691967,,-14.68045886,-11.32564114
1.62766E+18,"1,627,660,401",-14.57760619,-11.7886034,,-14.58721392,-11.29215612
1.62766E+18,"1,627,660,401",-14.75873568,-9.846689874,,-14.60534408,-10.90871794
1.62766E+18,"1,627,660,402",-14.29640922,-10.09949881,,-14.3831277,-10.80604988
1.62766E+18,"1,627,660,402",-15.09804025,-12.48383357,,-14.67657596,-11.14710906
1.62766E+18,"1,627,660,402",-14.31750149,-11.27943694,,-14.60965857,-11.09961252
1.62766E+18,"1,627,660,402",-15.19461992,-11.07188529,,-14.73306131,-10.9562689
1.62766E+18,"1,627,660,402",-15.50004306,-11.23118245,,-14.88132279,-11.23316741
1.62766E+18,"1,627,660,402",-16.34659122,-9.917400248,,-15.29135919,-11.1967477
1.62766E+18,"1,627,660,402",-14.66880136,-12.05992505,,-15.20551141,-11.111966
1.62766E+18,"1,627,660,402",-15.38404088,-8.653279993,,-15.41881929,-10.58673461
1.62766E+18,"1,627,660,402",-15.85749881,-9.668601594,,-15.55139507,-10.30607787
1.62766E+18,"1,627,660,402",-15.37884365,-11.09608365,,-15.52715518,-10.27905811
1.62766E+18,"1,627,660,403",-16.27336639,-9.847077873,,-15.51251022,-10.26499363
1.62766E+18,"1,627,660,403",-16.65953291,-10.47548206,,-15.91065653,-9.948105034
1.62766E+18,"1,627,660,403",-15.44501668,-8.255309987,,-15.92285169,-9.868511033
1.62766E+18,"1,627,660,403",-15.98941737,-9.794819907,,-15.9492354,-9.893754695
1.62766E+18,"1,627,660,403",-15.37575782,-9.88883258,,-15.94861823,-9.652304482
1.62766E+18,"1,627,660,403",-14.40540156,-9.105767772,,-15.57502527,-9.504042462
1.62766E+18,"1,627,660,403",-15.73611376,-8.938296159,,-15.39034144,-9.196605281
1.62766E+18,"1,627,660,403",-15.09755052,-9.434874173,,-15.32084821,-9.432518118
1.62766E+18,"1,627,660,403",-16.51820929,-8.701708905,,-15.42660659,-9.213895918
1.62766E+18,"1,627,660,403",-15.60813758,-8.584638416,,-15.47308254,-8.953057085
1.62766E+18,"1,627,660,404",-15.61608083,-7.914046186,,-15.71521839,-8.714712768
1.62766E+18,"1,627,660,404",-17.54631568,-9.460179993,,-16.07725878,-8.819089534
1.62766E+18,"1,627,660,404",-16.17554447,-7.708080138,,-16.29285757,-8.473730727
1.62766E+18,"1,627,660,404",-16.62831129,-8.384563515,,-16.31487797,-8.41030165
1.62766E+18,"1,627,660,404",-16.38040875,-8.411861429,,-16.46933221,-8.375746252
1.62766E+18,"1,627,660,404",-17.01510406,-6.790169715,,-16.74913685,-8.150970958
1.62766E+18,"1,627,660,404",-16.20980081,-8.305406919,,-16.48183388,-7.920016343
1.62766E+18,"1,627,660,404",-16.2884823,-7.913997936,,-16.50442144,-7.961199903
1.62766E+18,"1,627,660,404",-16.56218955,-6.905637883,,-16.4911971,-7.665414776
1.62766E+18,"1,627,660,404",-14.54686012,-7.631279431,,-16.12448737,-7.509298377
1.62766E+18,"1,627,660,405",-17.71913943,-6.944693009,,-16.26529444,-7.540203036
1.62766E+18,"1,627,660,405",-16.85864675,-7.239426972,,-16.39506363,-7.327007046
1.62766E+18,"1,627,660,405",-17.93600219,-6.80423864,,-16.72456761,-7.105055187
1.62766E+18,"1,627,660,405",-17.13789815,-6.728323342,,-16.83970933,-7.069592279
1.62766E+18,"1,627,660,405",-17.01270209,-6.362006286,,-17.33287772,-6.81573765
1.62766E+18,"1,627,660,405",-17.36284322,-7.514917176,,-17.26161848,-6.929782483
1.62766E+18,"1,627,660,405",-16.82542842,-5.998820736,,-17.25497481,-6.681661236
1.62766E+18,"1,627,660,405",-16.87506312,-6.643238587,,-17.042787,-6.649461225
1.62766E+18,"1,627,660,405",-17.10702752,-6.200443399,,-17.03661287,-6.543885237
1.62766E+18,"1,627,660,405",-16.18067257,-5.9181759,,-16.87020697,-6.45511916
1.62766E+18,"1,627,660,406",-16.30897722,-7.105728612,,-16.65943377,-6.373281447
1.62766E+18,"1,627,660,406",-17.1415072,-4.001086382,,-16.72264953,-5.973734576
1.62766E+18,"1,627,660,406",-16.68611628,-5.942285007,,-16.68486016,-5.83354386
1.62766E+18,"1,627,660,406",-17.49872869,-4.487397088,,-16.76320039,-5.490934598
1.62766E+18,"1,627,660,406",-15.80391254,-4.826419509,,-16.68784838,-5.27258332
1.62766E+18,"1,627,660,406",-17.79676035,-2.710235535,,-16.98540501,-4.393484704
1.62766E+18,"1,627,660,406",-16.36341054,-3.093056394,,-16.82978568,-4.211878707
1.62766E+18,"1,627,660,406",-17.24507086,-4.486870477,,-16.94157659,-3.9207958
1.62766E+18,"1,627,660,406",-15.95670799,-4.304749152,,-16.63317245,-3.884266213
1.62766E+18,"1,627,660,406",-17.03849074,-2.741758087,,-16.8800881,-3.467333929
1.62766E+18,"1,627,660,407",-17.44893896,-5.87141395,,-16.81052382,-4.099569612
1.62766E+18,"1,627,660,407",-16.68844106,-4.075219955,,-16.87552992,-4.296002324
1.62766E+18,"1,627,660,407",-16.55648558,-3.107124201,,-16.73781287,-4.020053069
1.62766E+18,"1,627,660,407",-16.57080569,-2.919469973,,-16.86063241,-3.742997233
1.62766E+18,"1,627,660,407",-16.56731783,-3.879819685,,-16.76639783,-3.970609553
1.62766E+18,"1,627,660,407",-17.14833713,-2.292597556,,-16.70627746,-3.254846274
1.62766E+18,"1,627,660,407",-15.95236774,-3.712270251,,-16.55906279,-3.182256333
1.62766E+18,"1,627,660,407",-15.90947816,-4.17538173,,-16.42966131,-3.395907839
1.62766E+18,"1,627,660,407",-16.01574085,-4.546292489,,-16.31864834,-3.721272342
1.62766E+18,"1,627,660,407",-15.61930434,-2.725921056,,-16.12904564,-3.490492616
1.62766E+18,"1,627,660,408",-16.50493552,-1.646756195,,-16.00036532,-3.361324344
1.62766E+18,"1,627,660,408",-17.12389871,-2.381013163,,-16.23467152,-3.095072927
1.62766E+18,"1,627,660,408",-15.31705502,-2.427949585,,-16.11618689,-2.745586498
1.62766E+18,"1,627,660,408",-17.56436305,-3.618528376,,-16.42591133,-2.560033675
1.62766E+18,"1,627,660,408",-16.56152773,-1.873998897,,-16.614356,-2.389649243
1.62766E+18,"1,627,660,408",-16.39728286,-2.907947074,,-16.59282547,-2.641887419
1.62766E+18,"1,627,660,408",-16.78969725,-1.466167758,,-16.52598518,-2.458918338
1.62766E+18,"1,627,660,408",-16.22886134,-1.92304812,,-16.70834644,-2.357938045
1.62766E+18,"1,627,660,408",-16.33776311,-2.050245663,,-16.46302646,-2.044281502
1.62766E+18,"1,627,660,408",-16.25455422,-0.999258253,,-16.40163175,-1.869333374
1.62766E+18,"1,627,660,409",-16.39796517,-0.469018796,,-16.40176822,-1.381547718
1.62766E+18,"1,627,660,409",-16.79782509,-0.800178522,,-16.40339378,-1.248349871
1.62766E+18,"1,627,660,409",-14.85460666,-1.06486646,,-16.12854285,-1.076713539
1.62766E+18,"1,627,660,409",-15.79227191,-0.128952555,,-16.01944461,-0.692454917
1.62766E+18,"1,627,660,409",-15.34618889,-0.739634838,,-15.83777154,-0.640530234
1.62766E+18,"1,627,660,409",-15.01212194,-1.003584107,,-15.5606029,-0.747443296
1.62766E+18,"1,627,660,409",-15.45726817,0.489071957,,-15.29249151,-0.489593201
1.62766E+18,"1,627,660,409",-16.62959739,0.527003674,,-15.64748966,-0.171219174
1.62766E+18,"1,627,660,409",-15.00873662,0.884946641,,-15.4907826,0.031560665
1.62766E+18,"1,627,660,409",-16.11268114,0.936877622,,-15.64408105,0.366863157
1.62766E+18,"1,627,660,410",-17.5745992,0.396959878,,-16.15657651,0.646971954
1.62766E+18,"1,627,660,410",-16.47883892,0.583349207,,-16.36089066,0.665827404
1.62766E+18,"1,627,660,410",-15.67026614,0.706984061,,-16.16902441,0.701823482
1.62766E+18,"1,627,660,410",-15.33115952,0.253904645,,-16.23350899,0.575615083
1.62766E+18,"1,627,660,410",-16.69278714,0.521367702,,-16.34953019,0.492513099
1.62766E+18,"1,627,660,410",-15.18820902,1.57533502,,-15.87225215,0.728188127
1.62766E+18,"1,627,660,410",-15.24294205,1.521344934,,-15.62507277,0.915787272
1.62766E+18,"1,627,660,410",-15.25351498,0.14493875,,-15.54172254,0.80337821
1.62766E+18,"1,627,660,410",-16.38384528,2.13374172,,-15.75225969,1.179345625
1.62766E+18,"1,627,660,410",-16.22095226,1.68953135,,-15.65789272,1.412978355
1.62766E+18,"1,627,660,411",-16.2673445,1.907815334,,-15.87371982,1.479474418
1.62766E+18,"1,627,660,411",-15.53599122,1.814547567,,-15.93232965,1.538114944
1.62766E+18,"1,627,660,411",-14.92310011,2.016547456,,-15.86624668,1.912436685
1.62766E+18,"1,627,660,411",-16.78145334,1.950512565,,-15.94576829,1.875790854
1.62766E+18,"1,627,660,411",-15.42713467,1.220161744,,-15.78700477,1.781916933
1.62766E+18,"1,627,660,411",-16.44858966,3.523573405,,-15.8232538,2.105068547
1.62766E+18,"1,627,660,411",-15.16401524,3.328485118,,-15.74885861,2.407856058
1.62766E+18,"1,627,660,411",-15.763958,3.209986368,,-15.91703018,2.64654384
1.62766E+18,"1,627,660,411",-15.24211547,1.81729893,,-15.60916261,2.619901113
1.62766E+18,"1,627,660,411",-16.52551391,3.304148662,,-15.82883846,3.036698497
1.62766E+18,"1,627,660,412",-15.68935157,3.527601458,,-15.67699084,3.037504107
1.62766E+18,"1,627,660,412",-15.32190879,3.539492834,,-15.70856955,3.07970565
1.62766E+18,"1,627,660,412",-15.34105177,4.877319427,,-15.6239883,3.413172262
1.62766E+18,"1,627,660,412",-15.57366131,3.421245867,,-15.69029747,3.733961649
1.62766E+18,"1,627,660,412",-15.08104226,4.816810848,,-15.40140314,4.036494087
1.62766E+18,"1,627,660,412",-15.77832062,4.109659706,,-15.41919695,4.152905736
1.62766E+18,"1,627,660,412",-15.12631669,4.434982752,,-15.38007853,4.33200372
1.62766E+18,"1,627,660,412",-16.18234284,4.632933063,,-15.54833674,4.283126447
1.62766E+18,"1,627,660,412",-15.95592266,4.244610024,,-15.62478901,4.447799278
1.62766E+18,"1,627,660,412",-15.50953006,6.085178611,,-15.71048657,4.701472831
1.62766E+18,"1,627,660,413",-15.36373382,5.779959771,,-15.62756921,5.035532844
1.62766E+18,"1,627,660,413",-14.66234479,3.729059332,,-15.53477483,4.89434816
1.62766E+18,"1,627,660,413",-15.62256166,5.409056494,,-15.4228186,5.049572846
1.62766E+18,"1,627,660,413",-15.39821119,6.212595594,,-15.31127631,5.44316996
1.62766E+18,"1,627,660,413",-15.20100646,6.076687355,,-15.24957159,5.441471709
1.62766E+18,"1,627,660,413",-15.80120859,4.322704684,,-15.33706654,5.150020692
1.62766E+18,"1,627,660,413",-15.84484231,5.158877242,,-15.57356604,5.435984274
1.62766E+18,"1,627,660,413",-15.22337197,5.967038099,,-15.49372811,5.547580595
1.62766E+18,"1,627,660,413",-15.96880977,7.294455293,,-15.60784782,5.763952535
1.62766E+18,"1,627,660,413",-13.88973232,6.816760708,,-15.34559299,5.911967205
1.62766E+18,"1,627,660,414",-13.52250319,5.879032919,,-14.88985191,6.223232852
1.62766E+18,"1,627,660,414",-14.2104613,6.212163988,,-14.56297571,6.433890201
1.62766E+18,"1,627,660,414",-14.80838797,6.839690086,,-14.47997891,6.608420599
1.62766E+18,"1,627,660,414",-16.46932701,7.043911852,,-14.58008236,6.558311911
1.62766E+18,"1,627,660,414",-14.15730568,7.426429902,,-14.63359703,6.680245749
1.62766E+18,"1,627,660,414",-14.05462727,7.210470424,,-14.74002185,6.94653325
1.62766E+18,"1,627,660,414",-14.95042955,8.936375919,,-14.8880155,7.491375637
1.62766E+18,"1,627,660,414",-14.46545956,7.926806457,,-14.81942981,7.708798911
1.62766E+18,"1,627,660,414",-14.63277648,9.382308407,,-14.45211971,8.176478222
1.62766E+18,"1,627,660,414",-14.6302427,8.205907149,,-14.54670711,8.332373671
1.62766E+18,"1,627,660,415",-14.4264774,6.092258998,,-14.62107714,8.108731386
1.62766E+18,"1,627,660,415",-15.32760173,8.2297411,,-14.69651157,7.967404422
1.62766E+18,"1,627,660,415",-14.06451983,9.059590165,,-14.61632363,8.193961164
1.62766E+18,"1,627,660,415",-14.18062518,8.089761847,,-14.52589337,7.935451852
1.62766E+18,"1,627,660,415",-13.84913404,8.459202752,,-14.36967164,7.986110973
1.62766E+18,"1,627,660,415",-13.99947137,10.51738156,,-14.28427043,8.871135485
1.62766E+18,"1,627,660,415",-13.40965562,10.02226993,,-13.90068121,9.22964125
1.62766E+18,"1,627,660,415",-14.22994684,9.919193155,,-13.93376661,9.401561848
1.62766E+18,"1,627,660,415",-13.86536157,9.599546032,,-13.87071389,9.703518685
1.62766E+18,"1,627,660,415",-12.37559512,8.922594589,,-13.5760061,9.796197052
1.62766E+18,"1,627,660,416",-12.34953542,10.12553901,,-13.24601891,9.717828542
1.62766E+18,"1,627,660,416",-12.47903095,10.698373,,-13.05989398,9.853049156
1.62766E+18,"1,627,660,416",-11.89036059,10.10872473,,-12.59197673,9.890955472
1.62766E+18,"1,627,660,416",-14.02941826,9.608616023,,-12.62478807,9.89276947
1.62766E+18,"1,627,660,416",-12.58800505,11.45306121,,-12.66727005,10.3988628
1.62766E+18,"1,627,660,416",-11.44789909,11.10218301,,-12.48694279,10.5941916
1.62766E+18,"1,627,660,416",-12.13257479,11.31073775,,-12.41765156,10.71666455
1.62766E+18,"1,627,660,416",-12.34009529,11.96848907,,-12.5075985,11.08861741
1.62766E+18,"1,627,660,416",-11.05652819,11.39428665,,-11.91302048,11.44575154
1.62766E+18,"1,627,660,416",-11.78422221,11.75546648,,-11.75226392,11.50623259
1.62766E+18,"1,627,660,417",-11.06760245,10.9722625,,-11.67620459,11.48024849
1.62766E+18,"1,627,660,417",-10.97477054,11.70112561,,-11.44464374,11.55832606
1.62766E+18,"1,627,660,417",-9.882838551,10.630829,,-10.95319239,11.29079405
1.62766E+18,"1,627,660,417",-10.39077675,11.07595964,,-10.8200421,11.22712864
1.62766E+18,"1,627,660,417",-9.755905272,12.29807554,,-10.41437871,11.33565046
1.62766E+18,"1,627,660,417",-10.94973018,10.76698469,,-10.39080426,11.2945949
1.62766E+18,"1,627,660,417",-9.737228141,11.86348652,,-10.14329578,11.32706708
1.62766E+18,"1,627,660,417",-8.860931917,11.41346856,,-9.938914453,11.48359499
1.62766E+18,"1,627,660,417",-9.477891696,12.29942222,,-9.756337442,11.72828751
1.62766E+18,"1,627,660,417",-10.20253495,10.26228277,,-9.845663378,11.32112895
1.62766E+18,"1,627,660,418",-8.978029481,10.75567809,,-9.451323237,11.31886763
1.62766E+18,"1,627,660,418",-9.549571617,10.62245721,,-9.413791932,11.07066177
1.62766E+18,"1,627,660,418",-7.986192856,10.72485519,,-9.23884412,10.9329391
1.62766E+18,"1,627,660,418",-8.750648089,10.34514149,,-9.093395399,10.54208295
1.62766E+18,"1,627,660,418",-7.761135013,10.78219192,,-8.605115411,10.64606478
1.62766E+18,"1,627,660,418",-7.300191107,11.09903915,,-8.269547736,10.71473699
1.62766E+18,"1,627,660,418",-5.98335716,11.21375683,,-7.556304845,10.83299692
1.62766E+18,"1,627,660,418",-6.053613402,10.60437369,,-7.169788954,10.80890062
1.62766E+18,"1,627,660,418",-5.943084098,9.954470615,,-6.608276156,10.73076644
1.62766E+18,"1,627,660,418",-5.650753025,11.54660845,,-6.186199759,10.88364975
1.62766E+18,"1,627,660,419",-7.393468338,11.24609307,,-6.204855205,10.91306053
1.62766E+18,"1,627,660,419",-7.214509516,11.41475328,,-6.451085676,10.95325982
1.62766E+18,"1,627,660,419",-4.929463067,10.72557111,,-6.226255609,10.97749931
1.62766E+18,"1,627,660,419",-4.112820853,10.78970419,,-5.86020296,11.14454602
1.62766E+18,"1,627,660,419",-3.709289819,8.848244106,,-5.471910319,10.60487315
1.62766E+18,"1,627,660,419",-3.949924562,10.76879706,,-4.783201563,10.50941395
1.62766E+18,"1,627,660,419",-3.015528821,9.47461485,,-3.943405425,10.12138626
1.62766E+18,"1,627,660,419",-3.782361002,10.47696055,,-3.713985011,10.07166415
1.62766E+18,"1,627,660,419",-2.320188746,9.533256107,,-3.35545859,9.820374534
1.62766E+18,"1,627,660,419",-2.08493088,9.267854738,,-3.030586802,9.904296661
1.62766E+18,"1,627,660,420",-2.880928916,11.31832882,,-2.816787673,10.01420301
1.62766E+18,"1,627,660,420",-2.620612163,10.18818895,,-2.737804341,10.15691783
1.62766E+18,"1,627,660,420",-2.723730135,9.066424002,,-2.526078168,9.874810524
1.62766E+18,"1,627,660,420",-1.95035417,9.072042297,,-2.452111253,9.782567762
1.62766E+18,"1,627,660,420",-2.32332863,10.70122437,,-2.499790803,10.06924169
1.62766E+18,"1,627,660,420",-1.097234653,8.711080197,,-2.14305195,9.547791964
1.62766E+18,"1,627,660,420",-0.310631134,8.355622086,,-1.681055745,9.181278591
1.62766E+18,"1,627,660,420",-1.108268506,9.019431048,,-1.357963419,9.17188
1.62766E+18,"1,627,660,420",-0.7892528,8.951265003,,-1.125743145,9.147724541
1.62766E+18,"1,627,660,420",-0.847549472,9.812590287,,-0.830587313,8.969997724
1.62766E+18,"1,627,660,421",-0.369665553,8.275689652,,-0.685073493,8.882919615
1.62766E+18,"1,627,660,421",-0.086037827,8.944390072,,-0.640154832,9.000673213
1.62766E+18,"1,627,660,421",0.288509807,9.022623813,,-0.360799169,9.001311766
1.62766E+18,"1,627,660,421",0.521210352,9.632605658,,-0.098706539,9.137579896
1.62766E+18,"1,627,660,421",1.092561889,8.562483425,,0.289315734,8.887558524
1.62766E+18,"1,627,660,421",1.217078929,10.23656841,,0.60666463,9.279734275
1.62766E+18,"1,627,660,421",0.93469541,8.479996684,,0.810811277,9.186855597
1.62766E+18,"1,627,660,421",2.240103986,9.186657806,,1.201130113,9.219662396
1.62766E+18,"1,627,660,421",1.959293871,8.624404422,,1.488746817,9.018022148
1.62766E+18,"1,627,660,421",1.711089162,11.2734935,,1.612452272,9.560224164
1.62766E+18,"1,627,660,422",2.5225652,9.900861817,,1.873549526,9.493082846
1.62766E+18,"1,627,660,422",2.241741855,10.13075858,,2.134958815,9.823235226
1.62766E+18,"1,627,660,422",2.90245755,10.21762832,,2.267429527,10.02942933
1.62766E+18,"1,627,660,422",2.247882586,11.74440538,,2.325147271,10.65342952
1.62766E+18,"1,627,660,422",4.275174523,9.945835705,,2.837964343,10.38789796
1.62766E+18,"1,627,660,422",4.100600693,11.20370953,,3.153571441,10.6484675
1.62766E+18,"1,627,660,422",3.70979713,11.97712738,,3.447182496,11.01774126
1.62766E+18,"1,627,660,422",6.077693604,10.38877164,,4.082229707,11.05196993
1.62766E+18,"1,627,660,422",3.948933997,10.78945963,,4.422439989,10.86098078
1.62766E+18,"1,627,660,422",6.43506658,10.57934236,,4.854418401,10.98768211
1.62766E+18,"1,627,660,423",6.121270885,12.36036388,,5.258552439,11.21901298
1.62766E+18,"1,627,660,423",4.823423449,11.71781025,,5.481277703,11.16714955
1.62766E+18,"1,627,660,423",6.164698302,12.12283559,,5.498678643,11.51396234
1.62766E+18,"1,627,660,423",6.36772788,12.39249807,,5.982437419,11.83457003
1.62766E+18,"1,627,660,423",8.027780823,12.06818546,,6.300980268,12.13233865
1.62766E+18,"1,627,660,423",7.168000524,11.60104968,,6.510326196,11.98047581
1.62766E+18,"1,627,660,423",6.54129563,12.3466783,,6.853900632,12.10624942
1.62766E+18,"1,627,660,423",7.23234185,10.93351841,,7.067429341,11.86838598
1.62766E+18,"1,627,660,423",7.530384228,14.60730408,,7.299960611,12.31134718
1.62766E+18,"1,627,660,423",8.687939578,13.04488043,,7.431992362,12.50668618
1.62766E+18,"1,627,660,424",7.562945149,12.72992022,,7.510981287,12.73246029
1.62766E+18,"1,627,660,424",8.938371984,14.06148314,,7.990396557,13.07542126
1.62766E+18,"1,627,660,424",8.477029978,13.45011232,,8.239334183,13.57874004
1.62766E+18,"1,627,660,424",9.499173554,13.89596629,,8.633092048,13.43647248
1.62766E+18,"1,627,660,424",9.621803725,13.73789381,,8.819864878,13.57507516
1.62766E+18,"1,627,660,424",9.438895885,15.30400326,,9.195055025,14.08989176
1.62766E+18,"1,627,660,424",10.45262222,14.03220982,,9.497905073,14.0840371
1.62766E+18,"1,627,660,424",11.1259188,14.01365974,,10.02768284,14.19674658
1.62766E+18,"1,627,660,424",11.0920044,13.30050765,,10.34624901,14.07765486
1.62766E+18,"1,627,660,424",11.58629142,13.62723653,,10.73914655,14.0555234
1.62766E+18,"1,627,660,425",11.52803618,14.41205726,,11.15697461,13.8771342
1.62766E+18,"1,627,660,425",11.42898505,15.43080296,,11.35224717,14.15685283
1.62766E+18,"1,627,660,425",12.07779393,13.68173053,,11.5426222,14.09046699
1.62766E+18,"1,627,660,425",11.66984416,14.52896524,,11.65819015,14.3361585
1.62766E+18,"1,627,660,425",11.78587099,13.33774996,,11.69810606,14.27826119
1.62766E+18,"1,627,660,425",11.71779715,14.21408802,,11.73605826,14.23866734
1.62766E+18,"1,627,660,425",13.50329907,14.51996977,,12.15092106,14.05650071
1.62766E+18,"1,627,660,425",13.68569838,14.46890437,,12.47250195,14.21393547
1.62766E+18,"1,627,660,425",12.3121876,14.06315863,,12.60097064,14.12077415
1.62766E+18,"1,627,660,425",12.67761351,13.22733553,,12.77931914,14.09869126
1.62766E+18,"1,627,660,426",14.09793012,15.02143126,,13.25534574,14.26015991
1.62766E+18,"1,627,660,426",13.96604272,14.64071317,,13.34789447,14.28430859
1.62766E+18,"1,627,660,426",14.01444269,14.51007107,,13.41364333,14.29254193
1.62766E+18,"1,627,660,426",14.31097124,13.73273372,,13.81340006,14.22645695
1.62766E+18,"1,627,660,426",12.82255352,13.40425826,,13.84238806,14.2618415
1.62766E+18,"1,627,660,426",14.44263887,13.9273104,,13.91132981,14.04301732
1.62766E+18,"1,627,660,426",14.1112151,14.41684636,,13.94036428,13.99824396
1.62766E+18,"1,627,660,426",16.10548279,13.75733607,,14.3585723,13.84769696
1.62766E+18,"1,627,660,426",15.60115927,13.67312275,,14.61660991,13.83577477
1.62766E+18,"1,627,660,426",15.29506079,14.31375733,,15.11111136,14.01767458
1.62766E+18,"1,627,660,427",15.98059031,12.91435105,,15.41870165,13.81508271
1.62766E+18,"1,627,660,427",16.91297489,14.28418754,,15.97905361,13.78855095
1.62766E+18,"1,627,660,427",15.66285173,12.89517573,,15.8905274,13.61611888
1.62766E+18,"1,627,660,427",15.69593046,13.49904705,,15.90948163,13.58130374
1.62766E+18,"1,627,660,427",16.96845658,12.14122037,,16.24416079,13.14679635
1.62766E+18,"1,627,660,427",16.50047466,12.26252812,,16.34813766,13.01643176
1.62766E+18,"1,627,660,427",15.77997343,12.30972902,,16.12153737,12.62154006
1.62766E+18,"1,627,660,427",18.17647886,13.01880215,,16.6242628,12.64626534
1.62766E+18,"1,627,660,427",16.98696772,11.15371908,,16.88247025,12.17719975
1.62766E+18,"1,627,660,427",17.31203428,12.17304948,,16.95118579,12.18356557
1.62766E+18,"1,627,660,428",16.76659928,12.00007284,,17.00441072,12.13107451
1.62766E+18,"1,627,660,428",18.98273886,12.74405489,,17.6449638,12.21793969
1.62766E+18,"1,627,660,428",18.10513801,11.53592654,,17.63069563,11.92136456
1.62766E+18,"1,627,660,428",18.42885314,11.26583111,,17.91907271,11.94378697
1.62766E+18,"1,627,660,428",17.57486349,11.11367388,,17.97163855,11.73191185
1.62766E+18,"1,627,660,428",17.5069275,12.08209187,,18.1197042,11.74831566
1.62766E+18,"1,627,660,428",19.28544304,9.69377692,,18.18024504,11.13826006
1.62766E+18,"1,627,660,428",18.70830254,10.71895752,,18.30087794,10.97486626
1.62766E+18,"1,627,660,428",19.84930642,10.87537878,,18.5849686,10.89677579
1.62766E+18,"1,627,660,428",19.20979164,8.218444421,,18.91195423,10.3177299
1.62766E+18,"1,627,660,429",19.37451944,9.408801965,,19.28547262,9.783071921
1.62766E+18,"1,627,660,429",18.15177034,9.68532384,,19.05873808,9.781381305
1.62766E+18,"1,627,660,429",18.42298525,8.958932088,,19.00167462,9.429376219
1.62766E+18,"1,627,660,429",18.87853227,8.857255759,,18.80751979,9.025751615
1.62766E+18,"1,627,660,429",18.88524565,10.06337595,,18.74261059,9.39473792
1.62766E+18,"1,627,660,429",18.7418714,8.463288555,,18.61608098,9.205635238
1.62766E+18,"1,627,660,429",18.22802716,8.709993732,,18.63133234,9.010569217
1.62766E+18,"1,627,660,429",18.89886741,7.850738531,,18.72650878,8.788930505
1.62766E+18,"1,627,660,429",20.2374141,6.829809904,,18.99828514,8.383441334
1.62766E+18,"1,627,660,429",18.83887976,7.654417968,,18.98901196,7.901649738
1.62766E+18,"1,627,660,430",18.30863227,5.797737042,,18.90236414,7.368539435
1.62766E+18,"1,627,660,430",19.82271312,6.596808892,,19.22130133,6.945902467
1.62766E+18,"1,627,660,430",19.86832606,7.113408303,,19.41519306,6.798436422
1.62766E+18,"1,627,660,430",19.36074172,5.307448253,,19.23985859,6.493964092
1.62766E+18,"1,627,660,430",19.77505395,6.350427981,,19.42709342,6.233166094
1.62766E+18,"1,627,660,430",18.39755706,6.294346707,,19.44487838,6.332488027
1.62766E+18,"1,627,660,430",17.95966756,6.529957227,,19.07226927,6.319117694
1.62766E+18,"1,627,660,430",18.78544836,5.80986406,,18.85569373,6.058408846
1.62766E+18,"1,627,660,430",18.86439318,4.801320595,,18.75642402,5.957183314
1.62766E+18,"1,627,660,430",19.39669343,4.468276645,,18.68075192,5.580753047
1.62766E+18,"1,627,660,431",18.88951138,3.707578924,,18.77914278,5.06339949
1.62766E+18,"1,627,660,431",18.50461072,4.031528321,,18.88813141,4.563713709
1.62766E+18,"1,627,660,431",18.98605005,3.074713586,,18.92825175,4.016683614
1.62766E+18,"1,627,660,431",17.75785391,2.745186487,,18.7069439,3.605456793
1.62766E+18,"1,627,660,431",18.69092574,2.950016458,,18.56579036,3.301804755
1.62766E+18,"1,627,660,431",18.19565561,3.149976486,,18.42701921,3.190284268
1.62766E+18,"1,627,660,431",18.35532776,1.646383857,,18.39716262,2.713255375
1.62766E+18,"1,627,660,431",18.23429661,3.144917026,,18.24681193,2.727296063
1.62766E+18,"1,627,660,431",16.97639216,1.960958464,,18.09051958,2.570450458
1.62766E+18,"1,627,660,431",16.9754858,2.387347247,,17.74743159,2.457916616
1.62766E+18,"1,627,660,432",16.62386985,1.272521922,,17.43307444,2.082425703
1.62766E+18,"1,627,660,432",16.24314245,1.284614053,,17.01063737,2.010071743
1.62766E+18,"1,627,660,432",16.07587911,0.708037633,,16.57895387,1.522695864
1.62766E+18,"1,627,660,432",14.99991872,0.157709386,,16.18365919,1.162046048
1.62766E+18,"1,627,660,432",17.3304057,0.226199666,,16.25464317,0.729816532
1.62766E+18,"1,627,660,432",17.75992407,1.191145831,,16.48185401,0.713541314
1.62766E+18,"1,627,660,432",16.21391616,0.419637518,,16.47600875,0.540546007
1.62766E+18,"1,627,660,432",15.95920128,0.215012722,,16.45267319,0.441941025
1.62766E+18,"1,627,660,432",16.82597872,-0.464728327,,16.81788519,0.317453482
1.62766E+18,"1,627,660,432",14.96413022,0.231671226,,16.34463009,0.318547794
1.62766E+18,"1,627,660,433",16.28025039,0.44915886,,16.04869535,0.1701504
1.62766E+18,"1,627,660,433",16.32230638,-0.974132617,,16.0703734,-0.108603627
1.62766E+18,"1,627,660,433",15.19080958,-1.78950937,,15.91669506,-0.509508046
1.62766E+18,"1,627,660,433",16.13758547,-2.70788083,,15.77901641,-0.958138546
1.62766E+18,"1,627,660,433",16.18641374,-2.348919372,,16.02347311,-1.474256666
1.62766E+18,"1,627,660,433",14.31447403,-1.311004528,,15.63031784,-1.826289343
1.62766E+18,"1,627,660,433",15.68463641,-1.958799453,,15.50278385,-2.023222711
1.62766E+18,"1,627,660,433",15.13639163,-2.424231706,,15.49190026,-2.150167178
1.62766E+18,"1,627,660,433",14.0547024,-2.842333488,,15.07532364,-2.177057709
1.62766E+18,"1,627,660,433",14.04510648,-3.297811613,,14.64706219,-2.366836157
1.62766E+18,"1,627,660,434",14.97983945,-2.702614253,,14.78013527,-2.645158103
1.62766E+18,"1,627,660,434",13.39055688,-3.340176872,,14.32131937,-2.921433586
1.62766E+18,"1,627,660,434",13.12881016,-3.175942361,,13.91980307,-3.071775718
1.62766E+18,"1,627,660,434",12.40765167,-3.979761887,,13.59039293,-3.299261397
1.62766E+18,"1,627,660,434",13.96708371,-4.188253579,,13.57478837,-3.477349791
1.62766E+18,"1,627,660,434",12.18060501,-4.627156248,,13.01494148,-3.86225819
1.62766E+18,"1,627,660,434",10.99209826,-3.342630753,,12.53524976,-3.862748966
1.62766E+18,"1,627,660,434",12.52638906,-5.728872549,,12.41476554,-4.373335003
1.62766E+18,"1,627,660,434",11.41692302,-4.373512528,,12.21661981,-4.452085131
1.62766E+18,"1,627,660,434",11.56225758,-4.105301385,,11.73565459,-4.435494693
1.62766E+18,"1,627,660,435",11.05018109,-4.671102227,,11.5095698,-4.444283888
1.62766E+18,"1,627,660,435",12.18952139,-3.865101296,,11.74905443,-4.548777997
1.62766E+18,"1,627,660,435",10.90542663,-4.746333265,,11.42486194,-4.35227014
1.62766E+18,"1,627,660,435",9.990303058,-5.082774366,,11.13953795,-4.494122508
1.62766E+18,"1,627,660,435",10.72016578,-5.94626069,,10.97111959,-4.862314369
1.62766E+18,"1,627,660,435",8.684403326,-4.6470079,,10.49796404,-4.857495503
1.62766E+18,"1,627,660,435",8.23674261,-4.149931846,,9.707408281,-4.914461613
1.62766E+18,"1,627,660,435",7.673636525,-5.227178568,,9.061050261,-5.010630674
1.62766E+18,"1,627,660,435",8.452521309,-6.359873656,,8.753493911,-5.266050532
1.62766E+18,"1,627,660,435",6.936781972,-6.609852571,,7.996817149,-5.398768908
1.62766E+18,"1,627,660,436",7.157858292,-6.409084661,,7.691508142,-5.75118426
1.62766E+18,"1,627,660,436",7.766633038,-6.390432904,,7.597486227,-6.199284472
1.62766E+18,"1,627,660,436",6.913158454,-6.730192641,,7.445390613,-6.499887287
1.62766E+18,"1,627,660,436",5.906773983,-6.578935345,,6.936241148,-6.543699625
1.62766E+18,"1,627,660,436",5.246287799,-7.155543265,,6.598142313,-6.652837763
1.62766E+18,"1,627,660,436",4.393556845,-7.215678355,,6.045282024,-6.814156502
1.62766E+18,"1,627,660,436",5.028937683,-6.947971984,,5.497742953,-6.925664318
1.62766E+18,"1,627,660,436",4.699660659,-8.323945711,,5.055043394,-7.244414932
1.62766E+18,"1,627,660,436",4.217737805,-7.594031905,,4.717236158,-7.447434244
1.62766E+18,"1,627,660,436",5.725568985,-7.925665339,,4.813092396,-7.601458659
1.62766E+18,"1,627,660,437",2.498702788,-8.335609265,,4.434121584,-7.825444841
1.62766E+18,"1,627,660,437",4.902547985,-8.141299912,,4.408843644,-8.064110426
1.62766E+18,"1,627,660,437",3.451598955,-8.687956774,,4.159231304,-8.136912639
1.62766E+18,"1,627,660,437",2.342751928,-7.657761328,,3.784234128,-8.149658524
1.62766E+18,"1,627,660,437",2.434526911,-7.390281089,,3.126025713,-8.042581674
1.62766E+18,"1,627,660,437",1.401656307,-7.680200611,,2.906616417,-7.911499943
1.62766E+18,"1,627,660,437",3.234772075,-8.495562864,,2.573061235,-7.982352533
1.62766E+18,"1,627,660,437",2.16320686,-6.887086168,,2.315382816,-7.622178412
1.62766E+18,"1,627,660,437",0.106492369,-8.761121137,,1.868130904,-7.842850374
1.62766E+18,"1,627,660,437",0.604290757,-7.772414896,,1.502083674,-7.919277135
1.62766E+18,"1,627,660,438",-0.681794464,-8.076291443,,1.08539352,-7.998495302
1.62766E+18,"1,627,660,438",0.454151199,-9.172525475,,0.529269344,-8.133887824
1.62766E+18,"1,627,660,438",0.518448273,-10.16607994,,0.200317627,-8.789686578
1.62766E+18,"1,627,660,438",-0.784997439,-8.951814549,,0.022019665,-8.82782526
1.62766E+18,"1,627,660,438",-2.275137833,-10.16139161,,-0.553866053,-9.305620603
1.62766E+18,"1,627,660,438",-1.247587003,-10.3600427,,-0.667024561,-9.762370855
1.62766E+18,"1,627,660,438",-1.929591479,-10.65397367,,-1.143773096,-10.05866049
1.62766E+18,"1,627,660,438",-1.686902092,-11.86345346,,-1.584843169,-10.3981352
1.62766E+18,"1,627,660,438",-2.110341901,-11.48630642,,-1.849912062,-10.90503357
1.62766E+18,"1,627,660,438",-3.042348776,-11.23161906,,-2.00335425,-11.11907906
1.62766E+18,"1,627,660,439",-2.612190413,-11.17124496,,-2.276274932,-11.28131951
1.62766E+18,"1,627,660,439",-3.688642734,-13.88201462,,-2.628085183,-11.9269277
1.62766E+18,"1,627,660,439",-2.477258733,-12.72946659,,-2.786156512,-12.10013033
1.62766E+18,"1,627,660,439",-3.00305263,-11.34065916,,-2.964698657,-12.07100088
1.62766E+18,"1,627,660,439",-3.519174928,-13.93518614,,-3.060063888,-12.61171429
1.62766E+18,"1,627,660,439",-3.381992175,-13.18225641,,-3.21402424,-13.01391658
1.62766E+18,"1,627,660,439",-4.164699846,-13.57669256,,-3.309235663,-12.95285217
1.62766E+18,"1,627,660,439",-5.63552373,-13.38838448,,-3.940888662,-13.08463575
1.62766E+18,"1,627,660,439",-5.691555451,-13.55198741,,-4.478589226,-13.5269014
1.62766E+18,"1,627,660,439",-5.32228359,-14.24630599,,-4.839210959,-13.58912537
1.62766E+18,"1,627,660,440",-5.970634255,-14.57602292,,-5.356939375,-13.86787867
1.62766E+18,"1,627,660,440",-6.456110212,-13.62998463,,-5.815221448,-13.87853709
1.62766E+18,"1,627,660,440",-6.762666873,-15.59515571,,-6.040650076,-14.31989133
1.62766E+18,"1,627,660,440",-6.732680936,-12.93576094,,-6.248875173,-14.19664604
1.62766E+18,"1,627,660,440",-6.271201404,-15.6783496,,-6.438658736,-14.48305476
1.62766E+18,"1,627,660,440",-7.753469145,-14.05052819,,-6.795225714,-14.37795582
1.62766E+18,"1,627,660,440",-7.6960408,-14.15835603,,-7.043211831,-14.48363009
1.62766E+18,"1,627,660,440",-7.927577215,-15.59054831,,-7.2761939,-14.48270861
1.62766E+18,"1,627,660,440",-8.164068631,-14.53791967,,-7.562471439,-14.80314036
1.62766E+18,"1,627,660,440",-6.835666513,-15.68170326,,-7.675364461,-14.80381109
1.62766E+18,"1,627,660,441",-8.426277992,-15.00431589,,-7.80992623,-14.99456863
1.62766E+18,"1,627,660,441",-8.902763654,-15.18206609,,-8.051270801,-15.19931064
1.62766E+18,"1,627,660,441",-8.784815203,-16.0232717,,-8.222718399,-15.28585532
1.62766E+18,"1,627,660,441",-9.333829288,-15.73081592,,-8.45667053,-15.52443457
1.62766E+18,"1,627,660,441",-9.442674471,-15.72537827,,-8.978072121,-15.53316957
1.62766E+18,"1,627,660,441",-10.08679965,-14.90706509,,-9.310176454,-15.51371941
1.62766E+18,"1,627,660,441",-8.733729582,-15.03830151,,-9.276369639,-15.4849665
1.62766E+18,"1,627,660,441",-11.68843488,-15.50248188,,-9.857093574,-15.38080853
1.62766E+18,"1,627,660,441",-9.047634572,-15.78073077,,-9.799854631,-15.3907915
1.62766E+18,"1,627,660,441",-9.718713955,-14.73006787,,-9.855062528,-15.19172942
1.62766E+18,"1,627,660,442",-8.524141772,-15.07383226,,-9.542530951,-15.22508286
1.62766E+18,"1,627,660,442",-9.955132855,-14.61555385,,-9.786811606,-15.14053333
1.62766E+18,"1,627,660,442",-10.09950997,-14.80245946,,-9.469026626,-15.00052884
1.62766E+18,"1,627,660,442",-10.93404222,-15.00836841,,-9.846308156,-14.84605637
1.62766E+18,"1,627,660,442",-11.23782222,-14.59611096,,-10.15012981,-14.81926499
1.62766E+18,"1,627,660,442",-12.16647548,-13.83915984,,-10.87859655,-14.57233051
1.62766E+18,"1,627,660,442",-11.7547335,-14.87886654,,-11.23851668,-14.62499304
1.62766E+18,"1,627,660,442",-13.30286149,-15.78137705,,-11.87918698,-14.82077656
1.62766E+18,"1,627,660,442",-12.55535268,-14.56515011,,-12.20344907,-14.7321329
1.62766E+18,"1,627,660,442",-11.66549433,-14.80887509,,-12.2889835,-14.77468573
1.62766E+18,"1,627,660,443",-11.66624186,-14.68967595,,-12.18893677,-14.94478895
1.62766E+18,"1,627,660,443",-12.80307852,-14.62169103,,-12.39860578,-14.89335385
1.62766E+18,"1,627,660,443",-12.30737773,-14.14396267,,-12.19950903,-14.56587097
1.62766E+18,"1,627,660,443",-12.03625619,-13.69901085,,-12.09568973,-14.39264312
1.62766E+18,"1,627,660,443",-12.58065302,-13.28599383,,-12.27872147,-14.08806687
1.62766E+18,"1,627,660,443",-13.33442593,-13.73745538,,-12.61235828,-13.89762275
1.62766E+18,"1,627,660,443",-13.70098669,-13.77205182,,-12.79193991,-13.72769491
1.62766E+18,"1,627,660,443",-13.22982623,-12.68676404,,-12.97642961,-13.43625518
1.62766E+18,"1,627,660,443",-13.51634274,-12.46184059,,-13.27244692,-13.18882113
1.62766E+18,"1,627,660,443",-14.29682099,-13.12759417,,-13.61568052,-13.1571412
1.62766E+18,"1,627,660,444",-14.2825543,-11.51429692,,-13.80530619,-12.71250951
1.62766E+18,"1,627,660,444",-13.82291276,-12.44789074,,-13.82969141,-12.44767729
1.62766E+18,"1,627,660,444",-14.95907996,-12.31147259,,-14.17554215,-12.372619
1.62766E+18,"1,627,660,444",-13.98067263,-12.38811585,,-14.26840813,-12.35787405
1.62766E+18,"1,627,660,444",-15.31750525,-11.48052562,,-14.47254498,-12.02846035
1.62766E+18,"1,627,660,444",-15.07651083,-11.19944078,,-14.63133629,-11.96548912
1.62766E+18,"1,627,660,444",-15.10593901,-11.06749296,,-14.88794154,-11.68940956
1.62766E+18,"1,627,660,444",-14.91216188,-11.72299187,,-14.87855792,-11.57171342
1.62766E+18,"1,627,660,444",-16.45016813,-10.3812649,,-15.37245702,-11.17034323
1.62766E+18,"1,627,660,444",-15.80159791,-10.08883091,,-15.46927555,-10.89200428
1.62766E+18,"1,627,660,445",-16.66952742,-10.3151254,,-15.78787887,-10.71514121
1.62766E+18,"1,627,660,445",-16.19699696,-9.097591763,,-16.00609046,-10.32116097
1.62766E+18,"1,627,660,445",-15.33599302,-9.27673043,,-16.09085669,-9.831908678
1.62766E+18,"1,627,660,445",-16.10921056,-8.756652271,,-16.02266517,-9.506986153
1.62766E+18,"1,627,660,445",-14.80345701,-8.18250087,,-15.82303699,-9.125720146
1.62766E+18,"1,627,660,445",-16.27134287,-10.08448788,,-15.74340008,-9.079592643
1.62766E+18,"1,627,660,445",-15.86175465,-8.692589605,,-15.67635162,-8.998592212
1.62766E+18,"1,627,660,445",-15.88942979,-9.301330928,,-15.78703898,-9.003512311
1.62766E+18,"1,627,660,445",-16.06217694,-7.550244401,,-15.77763225,-8.762230737
1.62766E+18,"1,627,660,445",-15.80845005,-6.240427704,,-15.97863086,-8.373816104
1.62766E+18,"1,627,660,446",-14.55000807,-9.169138921,,-15.6343639,-8.190746312
1.62766E+18,"1,627,660,446",-15.54484693,-6.054471565,,-15.57098236,-7.663122704
1.62766E+18,"1,627,660,446",-14.49148528,-7.714856707,,-15.29139346,-7.34582786
1.62766E+18,"1,627,660,446",-15.84904125,-6.972657553,,-15.24876632,-7.23031049
1.62766E+18,"1,627,660,446",-17.79620808,-5.489929031,,-15.64631792,-7.080210756
1.62766E+18,"1,627,660,446",-16.48933219,-5.011164367,,-16.03418275,-6.248615845
1.62766E+18,"1,627,660,446",-16.10930186,-4.447980459,,-16.14707373,-5.927317623
1.62766E+18,"1,627,660,446",-16.10915035,-4.8041778,,-16.47060675,-5.345181842
1.62766E+18,"1,627,660,446",-17.11483411,-4.380746375,,-16.72376532,-4.826799606
1.62766E+18,"1,627,660,446",-15.70077939,-5.928279671,,-16.30467958,-4.914469734
1.62766E+18,"1,627,660,447",-15.82161524,-2.380444022,,-16.17113619,-4.388325665
1.62766E+18,"1,627,660,447",-17.00030823,-3.163209369,,-16.34933747,-4.131371447
1.62766E+18,"1,627,660,447",-17.12900763,-1.979269174,,-16.55330892,-3.566389722
1.62766E+18,"1,627,660,447",-16.97108382,-4.472999947,,-16.52455886,-3.584840437
1.62766E+18,"1,627,660,447",-16.18380967,-3.309847127,,-16.62116492,-3.061153928
1.62766E+18,"1,627,660,447",-16.38739576,-2.866809977,,-16.73432102,-3.158427119
1.62766E+18,"1,627,660,447",-16.10556225,-0.508817301,,-16.55537182,-2.627548705
1.62766E+18,"1,627,660,447",-16.16207608,-2.065101119,,-16.36198552,-2.644715094
1.62766E+18,"1,627,660,447",-16.48022685,-1.137067412,,-16.26381412,-1.977528587
1.62766E+18,"1,627,660,447",-16.5441971,-0.398019323,,-16.33589161,-1.395163026
1.62766E+18,"1,627,660,448",-15.71826255,0.104868743,,-16.20206497,-0.800827282
1.62766E+18,"1,627,660,448",-16.17395277,0.797882292,,-16.21574307,-0.539487364
1.62766E+18,"1,627,660,448",-16.3721012,1.436096902,,-16.25774809,0.16075224
1.62766E+18,"1,627,660,448",-14.54945542,0.885798466,,-15.87159381,0.565325416
1.62766E+18,"1,627,660,448",-16.02578023,0.779030177,,-15.76791043,0.800735316
1.62766E+18,"1,627,660,448",-15.80322799,1.769547351,,-15.78490352,1.133671038
1.62766E+18,"1,627,660,448",-16.01678579,1.431759305,,-15.75347013,1.26044644
1.62766E+18,"1,627,660,448",-16.90461843,1.936541325,,-15.85997357,1.360535325
1.62766E+18,"1,627,660,448",-15.28502346,3.785182419,,-16.00708718,1.940412115
1.62766E+18,"1,627,660,448",-16.03893385,3.433213568,,-16.00971791,2.471248794
1.62766E+18,"1,627,660,449",-15.75273158,3.434342756,,-15.99961862,2.804207875
1.62766E+18,"1,627,660,449",-14.77184317,3.098296285,,-15.7506301,3.137515271
1.62766E+18,"1,627,660,449",-16.45774421,5.66390235,,-15.66125526,3.882987476
1.62766E+18,"1,627,660,449",-15.04602033,4.359438833,,-15.61345463,3.997838758
1.62766E+18,"1,627,660,449",-15.37251525,5.24532707,,-15.48017091,4.360261459
1.62766E+18,"1,627,660,449",-16.43360605,5.929349229,,-15.6163458,4.859262753
1.62766E+18,"1,627,660,449",-15.4351621,4.972427595,,-15.74900959,5.234089015
1.62766E+18,"1,627,660,449",-14.76835588,6.158793584,,-15.41113192,5.333067262
1.62766E+18,"1,627,660,449",-15.96755443,6.495323077,,-15.59543874,5.760244111
1.62766E+18,"1,627,660,449",-14.620054,6.738438648,,-15.44494649,6.058866427
1.62766E+18,"1,627,660,450",-15.53845915,7.124355721,,-15.26591711,6.297867725
1.62766E+18,"1,627,660,450",-15.15922653,7.334720171,,-15.21073,6.77032624
1.62766E+18,"1,627,660,450",-14.35586608,7.393096784,,-15.12823204,7.01718688
1.62766E+18,"1,627,660,450",-14.48126555,7.286598308,,-14.83097426,7.175441926
1.62766E+18,"1,627,660,450",-14.27851936,7.056340139,,-14.76266733,7.239022224
1.62766E+18,"1,627,660,450",-13.86528339,6.46985495,,-14.42803218,7.10812207
1.62766E+18,"1,627,660,450",-14.72054369,7.383620404,,-14.34029561,7.117902117
1.62766E+18,"1,627,660,450",-13.58819044,7.116475557,,-14.18676049,7.062577872
1.62766E+18,"1,627,660,450",-15.6385967,9.012427997,,-14.41822672,7.407743809
1.62766E+18,"1,627,660,450",-14.1097275,7.007625323,,-14.38446835,7.398000846
1.62766E+18,"1,627,660,451",-14.10834798,9.472917463,,-14.43308126,7.998613349
1.62766E+18,"1,627,660,451",-14.41572863,7.737029576,,-14.37211825,8.069295183
1.62766E+18,"1,627,660,451",-13.23766045,8.816329695,,-14.30201225,8.409266011
1.62766E+18,"1,627,660,451",-14.41084287,9.581036331,,-14.05646149,8.522987678
1.62766E+18,"1,627,660,451",-12.68504702,9.012045593,,-13.77152539,8.923871732
1.62766E+18,"1,627,660,451",-13.33540763,9.736705477,,-13.61693732,8.976629335
1.62766E+18,"1,627,660,451",-13.22901381,10.80662389,,-13.37959436,9.590548198
1.62766E+18,"1,627,660,451",-13.4071002,9.905130186,,-13.41348231,9.808308296
1.62766E+18,"1,627,660,451",-12.40625727,10.07841457,,-13.01256519,9.907783944
1.62766E+18,"1,627,660,451",-12.63867008,9.490720954,,-13.0032898,10.00351902
1.62766E+18,"1,627,660,452",-14.10229832,10.92190891,,-13.15666794,10.2405597
1.62766E+18,"1,627,660,452",-11.9369473,10.77031477,,-12.89825464,10.23329788
1.62766E+18,"1,627,660,452",-12.88289092,11.65014265,,-12.79341278,10.58230037
1.62766E+18,"1,627,660,452",-12.65842771,10.97446786,,-12.84384687,10.76151103
1.62766E+18,"1,627,660,452",-12.18428625,9.580313171,,-12.7529701,10.77942947
1.62766E+18,"1,627,660,452",-12.57613582,10.49000424,,-12.4477376,10.69304854
1.62766E+18,"1,627,660,452",-10.86743828,10.70223587,,-12.2338358,10.67943276
1.62766E+18,"1,627,660,452",-12.84090019,11.07070611,,-12.22543765,10.56354545
1.62766E+18,"1,627,660,452",-11.28792776,11.23110277,,-11.95133766,10.61487243
1.62766E+18,"1,627,660,452",-10.89267998,13.11860232,,-11.69301641,11.32253026
1.62766E+18,"1,627,660,453",-10.52140687,12.1314965,,-11.28207062,11.65082871
1.62766E+18,"1,627,660,453",-9.372334755,11.59399494,,-10.98304991,11.82918053
1.62766E+18,"1,627,660,453",-11.08382957,10.47628126,,-10.63163579,11.71029556
1.62766E+18,"1,627,660,453",-9.984237145,12.8697634,,-10.37089767,12.03802768
1.62766E+18,"1,627,660,453",-10.18928735,12.58240957,,-10.23021914,11.93078913
1.62766E+18,"1,627,660,453",-9.963895115,12.64087274,,-10.11871679,12.03266438
1.62766E+18,"1,627,660,453",-10.44376781,11.95009022,,-10.3330034,12.10388344
1.62766E+18,"1,627,660,453",-9.016416294,11.52268223,,-9.919520744,12.31316363
1.62766E+18,"1,627,660,453",-8.959631018,11.49808575,,-9.714599519,12.0388281
1.62766E+18,"1,627,660,453",-8.499981785,11.39990008,,-9.376738405,11.8023262
1.62766E+18,"1,627,660,454",-9.708126193,10.86360166,,-9.32558462,11.44687199
1.62766E+18,"1,627,660,454",-9.870589261,11.37556562,,-9.21094891,11.33196707
1.62766E+18,"1,627,660,454",-8.926188996,11.67892115,,-9.192903451,11.36321485
1.62766E+18,"1,627,660,454",-9.051904248,12.11010141,,-9.211358097,11.48561798
1.62766E+18,"1,627,660,454",-8.494080817,11.12148998,,-9.210177903,11.42993596
1.62766E+18,"1,627,660,454",-8.731426628,12.57626486,,-9.01483799,11.77246861
1.62766E+18,"1,627,660,454",-7.345133435,12.00132205,,-8.509746825,11.89761989
1.62766E+18,"1,627,660,454",-8.613430202,11.02579837,,-8.447195066,11.76699534
1.62766E+18,"1,627,660,454",-6.990042639,11.41738608,,-8.034822744,11.62845227
1.62766E+18,"1,627,660,454",-6.1905181,11.02559792,,-7.574110201,11.60927386
1.62766E+18,"1,627,660,455",-7.101700273,12.2358664,,-7.24816493,11.54119417
1.62766E+18,"1,627,660,455",-7.231568497,10.93442396,,-7.225451942,11.32781455
1.62766E+18,"1,627,660,455",-5.321397303,11.68326073,,-6.567045363,11.45930702
1.62766E+18,"1,627,660,455",-6.558448733,11.19907324,,-6.480726581,11.41564445
1.62766E+18,"1,627,660,455",-4.800742949,11.38592669,,-6.202771551,11.4877102
1.62766E+18,"1,627,660,455",-4.76663713,11.76783947,,-5.735758922,11.39410482
1.62766E+18,"1,627,660,455",-4.99775784,10.86577625,,-5.288996791,11.38037528
1.62766E+18,"1,627,660,455",-5.357941712,10.71110573,,-5.296305673,11.18594428
1.62766E+18,"1,627,660,455",-4.631151126,9.838253188,,-4.910846151,10.91378027
1.62766E+18,"1,627,660,455",-5.670550235,9.750004402,,-5.084807609,10.58659581
1.62766E+18,"1,627,660,456",-4.963501204,11.27657045,,-5.124180423,10.488342
1.62766E+18,"1,627,660,456",-4.774868297,10.21581189,,-5.079602515,10.35834913
1.62766E+18,"1,627,660,456",-5.291363305,10.02957087,,-5.066286834,10.22204216
1.62766E+18,"1,627,660,456",-2.507072995,9.697169043,,-4.641471207,10.19382533
1.62766E+18,"1,627,660,456",-2.951747711,9.865332137,,-4.097710703,10.21689088
1.62766E+18,"1,627,660,456",-2.87854131,9.560142961,,-3.680718724,9.87360538
1.62766E+18,"1,627,660,456",-3.470387892,9.952044014,,-3.419822643,9.820851805
1.62766E+18,"1,627,660,456",-2.020496642,9.285240509,,-2.76564931,9.671985733
1.62766E+18,"1,627,660,456",-2.051478751,8.560521468,,-2.674530461,9.444656218
1.62766E+18,"1,627,660,456",-2.436100422,9.047825819,,-2.571401003,9.281154954
1.62766E+18,"1,627,660,457",-0.669257458,8.393341454,,-2.129544233,9.047794653
1.62766E+18,"1,627,660,457",-2.176092515,10.22061695,,-1.870685158,9.10150924
1.62766E+18,"1,627,660,457",-0.834727773,10.10558954,,-1.633531384,9.265579047
